id,plot,exposition,side,block,location,locationAbb,locationYear,longitude,latitude,riverkm,distanceRiver,constructionYear,botanist,conf.low,conf.high,PC1soil,PC2soil,PC3soil,PC1constructionYear,PC2constructionYear,PC3constructionYear,B,C,D,comparison,presabu
X01_m_2017,01,south,water,1,Parkstetten-Reibersdorf,PAR,PAR-2008,4543914,5418661,2318,190.6,2008,Jakob_Huber_Simon_Reith_Jakob_Strak,1,1,-0.1144,0.3726,0.3454,-0.7514,-0.1115,0.3944,0.1429,0.2041,0.3469,1718,presence
X01_m_2017,01,south,water,1,Parkstetten-Reibersdorf,PAR,PAR-2008,4543914,5418661,2318,190.6,2008,Jakob_Huber_Simon_Reith_Jakob_Strak,1,1,-0.1144,0.3726,0.3454,-0.7514,-0.1115,0.3944,0.0862,0.1897,0.2759,1819,presence
X01_m_2017,01,south,water,1,Parkstetten-Reibersdorf,PAR,PAR-2008,4543914,5418661,2318,190.6,2008,Jakob_Huber_Simon_Reith_Jakob_Strak,1,1,-0.1144,0.3726,0.3454,-0.7514,-0.1115,0.3944,0.2131,0.1639,0.377,1921,presence
X01_m_2017,01,south,water,1,Parkstetten-Reibersdorf,PAR,PAR-2008,4543914,5418661,2318,190.6,2008,Jakob_Huber_Simon_Reith_Jakob_Strak,1,1,-0.1144,0.3726,0.3454,-0.7514,-0.1115,0.3944,0.1273,0.2909,0.4182,1719,presence
X01_m_2017,01,south,water,1,Parkstetten-Reibersdorf,PAR,PAR-2008,4543914,5418661,2318,190.6,2008,Jakob_Huber_Simon_Reith_Jakob_Strak,1,1,-0.1144,0.3726,0.3454,-0.7514,-0.1115,0.3944,0.2115,0.3269,0.5385,1721,presence
X01_m_2017,01,south,water,1,Parkstetten-Reibersdorf,PAR,PAR-2008,4543914,5418661,2318,190.6,2008,Jakob_Huber_Simon_Reith_Jakob_Strak,1,1,-0.1144,0.3726,0.3454,-0.7514,-0.1115,0.3944,0.2958,0.3304,0.6263,1718,abundance
X01_m_2017,01,south,water,1,Parkstetten-Reibersdorf,PAR,PAR-2008,4543914,5418661,2318,190.6,2008,Jakob_Huber_Simon_Reith_Jakob_Strak,1,1,-0.1144,0.3726,0.3454,-0.7514,-0.1115,0.3944,0.2108,0.2284,0.4392,1819,abundance
X01_m_2017,01,south,water,1,Parkstetten-Reibersdorf,PAR,PAR-2008,4543914,5418661,2318,190.6,2008,Jakob_Huber_Simon_Reith_Jakob_Strak,1,1,-0.1144,0.3726,0.3454,-0.7514,-0.1115,0.3944,0.3132,0.2435,0.5567,1921,abundance
X01_m_2017,01,south,water,1,Parkstetten-Reibersdorf,PAR,PAR-2008,4543914,5418661,2318,190.6,2008,Jakob_Huber_Simon_Reith_Jakob_Strak,1,1,-0.1144,0.3726,0.3454,-0.7514,-0.1115,0.3944,0.3635,0.4156,0.7792,1719,abundance
X01_m_2017,01,south,water,1,Parkstetten-Reibersdorf,PAR,PAR-2008,4543914,5418661,2318,190.6,2008,Jakob_Huber_Simon_Reith_Jakob_Strak,1,1,-0.1144,0.3726,0.3454,-0.7514,-0.1115,0.3944,0.352,0.3343,0.6863,1721,abundance
X02_m_2017,02,north,land,1,Parkstetten-Reibersdorf,PAR,PAR-2008,4543912,5418670,2318,199.6,2008,Jakob_Huber_Simon_Reith_Jakob_Strak,5,5,0.4823,0.5712,-0.214,-0.7514,-0.1115,0.3944,0.2133,0.1467,0.36,1718,presence
X02_m_2017,02,north,land,1,Parkstetten-Reibersdorf,PAR,PAR-2008,4543912,5418670,2318,199.6,2008,Jakob_Huber_Simon_Reith_Jakob_Strak,5,5,0.4823,0.5712,-0.214,-0.7514,-0.1115,0.3944,0.1053,0.1842,0.2895,1819,presence
X02_m_2017,02,north,land,1,Parkstetten-Reibersdorf,PAR,PAR-2008,4543912,5418670,2318,199.6,2008,Jakob_Huber_Simon_Reith_Jakob_Strak,5,5,0.4823,0.5712,-0.214,-0.7514,-0.1115,0.3944,0.1176,0.1529,0.2706,1921,presence
X02_m_2017,02,north,land,1,Parkstetten-Reibersdorf,PAR,PAR-2008,4543912,5418670,2318,199.6,2008,Jakob_Huber_Simon_Reith_Jakob_Strak,5,5,0.4823,0.5712,-0.214,-0.7514,-0.1115,0.3944,0.1852,0.1975,0.3827,1719,presence
X02_m_2017,02,north,land,1,Parkstetten-Reibersdorf,PAR,PAR-2008,4543912,5418670,2318,199.6,2008,Jakob_Huber_Simon_Reith_Jakob_Strak,5,5,0.4823,0.5712,-0.214,-0.7514,-0.1115,0.3944,0.1071,0.1548,0.2619,1721,presence
X02_m_2017,02,north,land,1,Parkstetten-Reibersdorf,PAR,PAR-2008,4543912,5418670,2318,199.6,2008,Jakob_Huber_Simon_Reith_Jakob_Strak,5,5,0.4823,0.5712,-0.214,-0.7514,-0.1115,0.3944,0.1224,0.4222,0.5446,1718,abundance
X02_m_2017,02,north,land,1,Parkstetten-Reibersdorf,PAR,PAR-2008,4543912,5418670,2318,199.6,2008,Jakob_Huber_Simon_Reith_Jakob_Strak,5,5,0.4823,0.5712,-0.214,-0.7514,-0.1115,0.3944,0.108,0.3128,0.4208,1819,abundance
X02_m_2017,02,north,land,1,Parkstetten-Reibersdorf,PAR,PAR-2008,4543912,5418670,2318,199.6,2008,Jakob_Huber_Simon_Reith_Jakob_Strak,5,5,0.4823,0.5712,-0.214,-0.7514,-0.1115,0.3944,0.2964,0.1222,0.4186,1921,abundance
X02_m_2017,02,north,land,1,Parkstetten-Reibersdorf,PAR,PAR-2008,4543912,5418670,2318,199.6,2008,Jakob_Huber_Simon_Reith_Jakob_Strak,5,5,0.4823,0.5712,-0.214,-0.7514,-0.1115,0.3944,0.0746,0.5501,0.6247,1719,abundance
X02_m_2017,02,north,land,1,Parkstetten-Reibersdorf,PAR,PAR-2008,4543912,5418670,2318,199.6,2008,Jakob_Huber_Simon_Reith_Jakob_Strak,5,5,0.4823,0.5712,-0.214,-0.7514,-0.1115,0.3944,0.0819,0.4104,0.4923,1721,abundance
X03_m_2017,03,south,water,2,Parkstetten-Reibersdorf,PAR,PAR-2008,4544901,5418627,2317,511.1,2008,Jakob_Huber_Simon_Reith_Jakob_Strak,9,9,0.3432,0.8788,-0.0295,-0.7514,-0.1115,0.3944,0.25,0.1071,0.3571,1718,presence
X03_m_2017,03,south,water,2,Parkstetten-Reibersdorf,PAR,PAR-2008,4544901,5418627,2317,511.1,2008,Jakob_Huber_Simon_Reith_Jakob_Strak,9,9,0.3432,0.8788,-0.0295,-0.7514,-0.1115,0.3944,0.0943,0.1887,0.283,1819,presence
X03_m_2017,03,south,water,2,Parkstetten-Reibersdorf,PAR,PAR-2008,4544901,5418627,2317,511.1,2008,Jakob_Huber_Simon_Reith_Jakob_Strak,9,9,0.3432,0.8788,-0.0295,-0.7514,-0.1115,0.3944,0.2075,0.1132,0.3208,1921,presence
X03_m_2017,03,south,water,2,Parkstetten-Reibersdorf,PAR,PAR-2008,4544901,5418627,2317,511.1,2008,Jakob_Huber_Simon_Reith_Jakob_Strak,9,9,0.3432,0.8788,-0.0295,-0.7514,-0.1115,0.3944,0.2459,0.1967,0.4426,1719,presence
X03_m_2017,03,south,water,2,Parkstetten-Reibersdorf,PAR,PAR-2008,4544901,5418627,2317,511.1,2008,Jakob_Huber_Simon_Reith_Jakob_Strak,9,9,0.3432,0.8788,-0.0295,-0.7514,-0.1115,0.3944,0.2679,0.125,0.3929,1721,presence
X03_m_2017,03,south,water,2,Parkstetten-Reibersdorf,PAR,PAR-2008,4544901,5418627,2317,511.1,2008,Jakob_Huber_Simon_Reith_Jakob_Strak,9,9,0.3432,0.8788,-0.0295,-0.7514,-0.1115,0.3944,0.2724,0.195,0.4674,1718,abundance
X03_m_2017,03,south,water,2,Parkstetten-Reibersdorf,PAR,PAR-2008,4544901,5418627,2317,511.1,2008,Jakob_Huber_Simon_Reith_Jakob_Strak,9,9,0.3432,0.8788,-0.0295,-0.7514,-0.1115,0.3944,0.2293,0.2401,0.4694,1819,abundance
X03_m_2017,03,south,water,2,Parkstetten-Reibersdorf,PAR,PAR-2008,4544901,5418627,2317,511.1,2008,Jakob_Huber_Simon_Reith_Jakob_Strak,9,9,0.3432,0.8788,-0.0295,-0.7514,-0.1115,0.3944,0.3655,0.1248,0.4903,1921,abundance
X03_m_2017,03,south,water,2,Parkstetten-Reibersdorf,PAR,PAR-2008,4544901,5418627,2317,511.1,2008,Jakob_Huber_Simon_Reith_Jakob_Strak,9,9,0.3432,0.8788,-0.0295,-0.7514,-0.1115,0.3944,0.3602,0.2936,0.6538,1719,abundance
X03_m_2017,03,south,water,2,Parkstetten-Reibersdorf,PAR,PAR-2008,4544901,5418627,2317,511.1,2008,Jakob_Huber_Simon_Reith_Jakob_Strak,9,9,0.3432,0.8788,-0.0295,-0.7514,-0.1115,0.3944,0.4935,0.1911,0.6846,1721,abundance
X04_m_2017,04,north,land,2,Parkstetten-Reibersdorf,PAR,PAR-2008,4544901,5418639,2317,520.4,2008,Jakob_Huber_Simon_Reith_Jakob_Strak,13,13,1.1296,0.5993,-0.1859,-0.7514,-0.1115,0.3944,0.1803,0.1967,0.377,1718,presence
X04_m_2017,04,north,land,2,Parkstetten-Reibersdorf,PAR,PAR-2008,4544901,5418639,2317,520.4,2008,Jakob_Huber_Simon_Reith_Jakob_Strak,13,13,1.1296,0.5993,-0.1859,-0.7514,-0.1115,0.3944,0.1452,0.1452,0.2903,1819,presence
X04_m_2017,04,north,land,2,Parkstetten-Reibersdorf,PAR,PAR-2008,4544901,5418639,2317,520.4,2008,Jakob_Huber_Simon_Reith_Jakob_Strak,13,13,1.1296,0.5993,-0.1859,-0.7514,-0.1115,0.3944,0.2321,0.125,0.3571,1921,presence
X04_m_2017,04,north,land,2,Parkstetten-Reibersdorf,PAR,PAR-2008,4544901,5418639,2317,520.4,2008,Jakob_Huber_Simon_Reith_Jakob_Strak,13,13,1.1296,0.5993,-0.1859,-0.7514,-0.1115,0.3944,0.1803,0.1967,0.377,1719,presence
X04_m_2017,04,north,land,2,Parkstetten-Reibersdorf,PAR,PAR-2008,4544901,5418639,2317,520.4,2008,Jakob_Huber_Simon_Reith_Jakob_Strak,13,13,1.1296,0.5993,-0.1859,-0.7514,-0.1115,0.3944,0.2727,0.1818,0.4545,1721,presence
X04_m_2017,04,north,land,2,Parkstetten-Reibersdorf,PAR,PAR-2008,4544901,5418639,2317,520.4,2008,Jakob_Huber_Simon_Reith_Jakob_Strak,13,13,1.1296,0.5993,-0.1859,-0.7514,-0.1115,0.3944,0.0399,0.2761,0.3159,1718,abundance
X04_m_2017,04,north,land,2,Parkstetten-Reibersdorf,PAR,PAR-2008,4544901,5418639,2317,520.4,2008,Jakob_Huber_Simon_Reith_Jakob_Strak,13,13,1.1296,0.5993,-0.1859,-0.7514,-0.1115,0.3944,0.1405,0.0796,0.2201,1819,abundance
X04_m_2017,04,north,land,2,Parkstetten-Reibersdorf,PAR,PAR-2008,4544901,5418639,2317,520.4,2008,Jakob_Huber_Simon_Reith_Jakob_Strak,13,13,1.1296,0.5993,-0.1859,-0.7514,-0.1115,0.3944,0.2889,0.1036,0.3925,1921,abundance
X04_m_2017,04,north,land,2,Parkstetten-Reibersdorf,PAR,PAR-2008,4544901,5418639,2317,520.4,2008,Jakob_Huber_Simon_Reith_Jakob_Strak,13,13,1.1296,0.5993,-0.1859,-0.7514,-0.1115,0.3944,0.0429,0.2207,0.2637,1719,abundance
X04_m_2017,04,north,land,2,Parkstetten-Reibersdorf,PAR,PAR-2008,4544901,5418639,2317,520.4,2008,Jakob_Huber_Simon_Reith_Jakob_Strak,13,13,1.1296,0.5993,-0.1859,-0.7514,-0.1115,0.3944,0.2467,0.239,0.4857,1721,abundance
X05_m_2017,05,south,water,3,Oebling,OEB,OEB-2012,4545832,5418126,2316,229.1,2012,Jakob_Huber_Simon_Reith_Jakob_Strak,17,17,-0.4924,0.8475,0.2254,1.1355,-0.0252,0.6262,0.5556,0.1778,0.7333,1718,presence
X05_m_2017,05,south,water,3,Oebling,OEB,OEB-2012,4545832,5418126,2316,229.1,2012,Jakob_Huber_Simon_Reith_Jakob_Strak,17,17,-0.4924,0.8475,0.2254,1.1355,-0.0252,0.6262,0.2143,0.2143,0.4286,1819,presence
X05_m_2017,05,south,water,3,Oebling,OEB,OEB-2012,4545832,5418126,2316,229.1,2012,Jakob_Huber_Simon_Reith_Jakob_Strak,17,17,-0.4924,0.8475,0.2254,1.1355,-0.0252,0.6262,0.3043,0.087,0.3913,1921,presence
X05_m_2017,05,south,water,3,Oebling,OEB,OEB-2012,4545832,5418126,2316,229.1,2012,Jakob_Huber_Simon_Reith_Jakob_Strak,17,17,-0.4924,0.8475,0.2254,1.1355,-0.0252,0.6262,0.6,0.2222,0.8222,1719,presence
X05_m_2017,05,south,water,3,Oebling,OEB,OEB-2012,4545832,5418126,2316,229.1,2012,Jakob_Huber_Simon_Reith_Jakob_Strak,17,17,-0.4924,0.8475,0.2254,1.1355,-0.0252,0.6262,0.675,0.125,0.8,1721,presence
X05_m_2017,05,south,water,3,Oebling,OEB,OEB-2012,4545832,5418126,2316,229.1,2012,Jakob_Huber_Simon_Reith_Jakob_Strak,17,17,-0.4924,0.8475,0.2254,1.1355,-0.0252,0.6262,0.6364,0.1822,0.8186,1718,abundance
X05_m_2017,05,south,water,3,Oebling,OEB,OEB-2012,4545832,5418126,2316,229.1,2012,Jakob_Huber_Simon_Reith_Jakob_Strak,17,17,-0.4924,0.8475,0.2254,1.1355,-0.0252,0.6262,0.0586,0.5532,0.6117,1819,abundance
X05_m_2017,05,south,water,3,Oebling,OEB,OEB-2012,4545832,5418126,2316,229.1,2012,Jakob_Huber_Simon_Reith_Jakob_Strak,17,17,-0.4924,0.8475,0.2254,1.1355,-0.0252,0.6262,0.5597,0.0453,0.605,1921,abundance
X05_m_2017,05,south,water,3,Oebling,OEB,OEB-2012,4545832,5418126,2316,229.1,2012,Jakob_Huber_Simon_Reith_Jakob_Strak,17,17,-0.4924,0.8475,0.2254,1.1355,-0.0252,0.6262,0.4203,0.4723,0.8926,1719,abundance
X05_m_2017,05,south,water,3,Oebling,OEB,OEB-2012,4545832,5418126,2316,229.1,2012,Jakob_Huber_Simon_Reith_Jakob_Strak,17,17,-0.4924,0.8475,0.2254,1.1355,-0.0252,0.6262,0.7207,0.2456,0.9662,1721,abundance
X06_m_2017,06,north,land,3,Oebling,OEB,OEB-2012,4545833,5418139,2316,222.9,2012,Jakob_Huber_Simon_Reith_Jakob_Strak,21,21,-0.3723,0.8359,0.5917,1.1355,-0.0252,0.6262,0.2083,0.375,0.5833,1718,presence
X06_m_2017,06,north,land,3,Oebling,OEB,OEB-2012,4545833,5418139,2316,222.9,2012,Jakob_Huber_Simon_Reith_Jakob_Strak,21,21,-0.3723,0.8359,0.5917,1.1355,-0.0252,0.6262,0.0909,0.0727,0.1636,1819,presence
X06_m_2017,06,north,land,3,Oebling,OEB,OEB-2012,4545833,5418139,2316,222.9,2012,Jakob_Huber_Simon_Reith_Jakob_Strak,21,21,-0.3723,0.8359,0.5917,1.1355,-0.0252,0.6262,0.0635,0.2063,0.2698,1921,presence
X06_m_2017,06,north,land,3,Oebling,OEB,OEB-2012,4545833,5418139,2316,222.9,2012,Jakob_Huber_Simon_Reith_Jakob_Strak,21,21,-0.3723,0.8359,0.5917,1.1355,-0.0252,0.6262,0.1702,0.3191,0.4894,1719,presence
X06_m_2017,06,north,land,3,Oebling,OEB,OEB-2012,4545833,5418139,2316,222.9,2012,Jakob_Huber_Simon_Reith_Jakob_Strak,21,21,-0.3723,0.8359,0.5917,1.1355,-0.0252,0.6262,0.1071,0.3929,0.5,1721,presence
X06_m_2017,06,north,land,3,Oebling,OEB,OEB-2012,4545833,5418139,2316,222.9,2012,Jakob_Huber_Simon_Reith_Jakob_Strak,21,21,-0.3723,0.8359,0.5917,1.1355,-0.0252,0.6262,0.3276,0.5309,0.8586,1718,abundance
X06_m_2017,06,north,land,3,Oebling,OEB,OEB-2012,4545833,5418139,2316,222.9,2012,Jakob_Huber_Simon_Reith_Jakob_Strak,21,21,-0.3723,0.8359,0.5917,1.1355,-0.0252,0.6262,0.1814,0.2435,0.4249,1819,abundance
X06_m_2017,06,north,land,3,Oebling,OEB,OEB-2012,4545833,5418139,2316,222.9,2012,Jakob_Huber_Simon_Reith_Jakob_Strak,21,21,-0.3723,0.8359,0.5917,1.1355,-0.0252,0.6262,0.4351,0.2202,0.6553,1921,abundance
X06_m_2017,06,north,land,3,Oebling,OEB,OEB-2012,4545833,5418139,2316,222.9,2012,Jakob_Huber_Simon_Reith_Jakob_Strak,21,21,-0.3723,0.8359,0.5917,1.1355,-0.0252,0.6262,0.2898,0.5519,0.8417,1719,abundance
X06_m_2017,06,north,land,3,Oebling,OEB,OEB-2012,4545833,5418139,2316,222.9,2012,Jakob_Huber_Simon_Reith_Jakob_Strak,21,21,-0.3723,0.8359,0.5917,1.1355,-0.0252,0.6262,0.2621,0.312,0.5741,1721,abundance
X07_m_2017,07,east,water,4,Oebling,OEB,OEB-2012,4546097,5418383,2316,403.7,2012,Jakob_Huber_Simon_Reith_Jakob_Strak,25,25,-0.6008,0.7816,0.2661,1.1355,-0.0252,0.6262,NA,NA,NA,NA,NA
X08_m_2017,08,west,land,4,Oebling,OEB,OEB-2012,4546085,5418387,2316,391.2,2012,Jakob_Huber_Simon_Reith_Jakob_Strak,29,29,-0.2581,0.6571,0.4024,1.1355,-0.0252,0.6262,NA,NA,NA,NA,NA
X09_m_2017,09,south,water,5,Oebling,OEB,OEB-2010,4546913,5417317,2314,1537.9,2010,Jakob_Huber_Leonardo_Teixeira,33,33,-0.4724,-0.6715,-0.2204,-0.7785,-0.4666,-0.7891,0.6667,0.0667,0.7333,1718,presence
X09_m_2017,09,south,water,5,Oebling,OEB,OEB-2010,4546913,5417317,2314,1537.9,2010,Jakob_Huber_Leonardo_Teixeira,33,33,-0.4724,-0.6715,-0.2204,-0.7785,-0.4666,-0.7891,0,0.5,0.5,1819,presence
X09_m_2017,09,south,water,5,Oebling,OEB,OEB-2010,4546913,5417317,2314,1537.9,2010,Jakob_Huber_Leonardo_Teixeira,33,33,-0.4724,-0.6715,-0.2204,-0.7785,-0.4666,-0.7891,0.25,0.125,0.375,1921,presence
X09_m_2017,09,south,water,5,Oebling,OEB,OEB-2010,4546913,5417317,2314,1537.9,2010,Jakob_Huber_Leonardo_Teixeira,33,33,-0.4724,-0.6715,-0.2204,-0.7785,-0.4666,-0.7891,0.3333,0.1905,0.5238,1719,presence
X09_m_2017,09,south,water,5,Oebling,OEB,OEB-2010,4546913,5417317,2314,1537.9,2010,Jakob_Huber_Leonardo_Teixeira,33,33,-0.4724,-0.6715,-0.2204,-0.7785,-0.4666,-0.7891,0.4737,0.2105,0.6842,1721,presence
X09_m_2017,09,south,water,5,Oebling,OEB,OEB-2010,4546913,5417317,2314,1537.9,2010,Jakob_Huber_Leonardo_Teixeira,33,33,-0.4724,-0.6715,-0.2204,-0.7785,-0.4666,-0.7891,0.0783,0.006,0.0843,1718,abundance
X09_m_2017,09,south,water,5,Oebling,OEB,OEB-2010,4546913,5417317,2314,1537.9,2010,Jakob_Huber_Leonardo_Teixeira,33,33,-0.4724,-0.6715,-0.2204,-0.7785,-0.4666,-0.7891,0,0.2667,0.2667,1819,abundance
X09_m_2017,09,south,water,5,Oebling,OEB,OEB-2010,4546913,5417317,2314,1537.9,2010,Jakob_Huber_Leonardo_Teixeira,33,33,-0.4724,-0.6715,-0.2204,-0.7785,-0.4666,-0.7891,0.015,0.0187,0.0337,1921,abundance
X09_m_2017,09,south,water,5,Oebling,OEB,OEB-2010,4546913,5417317,2314,1537.9,2010,Jakob_Huber_Leonardo_Teixeira,33,33,-0.4724,-0.6715,-0.2204,-0.7785,-0.4666,-0.7891,0.045,0.2432,0.2883,1719,abundance
X09_m_2017,09,south,water,5,Oebling,OEB,OEB-2010,4546913,5417317,2314,1537.9,2010,Jakob_Huber_Leonardo_Teixeira,33,33,-0.4724,-0.6715,-0.2204,-0.7785,-0.4666,-0.7891,0.0538,0.2556,0.3094,1721,abundance
X10_m_2017,10,north,land,5,Oebling,OEB,OEB-2010,4546909,5417329,2314,1526.4,2010,Jakob_Huber_Leonardo_Teixeira,37,37,-0.4321,-0.7743,-0.4846,-0.7785,-0.4666,-0.7891,0.1481,0.037,0.1852,1718,presence
X10_m_2017,10,north,land,5,Oebling,OEB,OEB-2010,4546909,5417329,2314,1526.4,2010,Jakob_Huber_Leonardo_Teixeira,37,37,-0.4321,-0.7743,-0.4846,-0.7785,-0.4666,-0.7891,0.2,0.1333,0.3333,1819,presence
X10_m_2017,10,north,land,5,Oebling,OEB,OEB-2010,4546909,5417329,2314,1526.4,2010,Jakob_Huber_Leonardo_Teixeira,37,37,-0.4321,-0.7743,-0.4846,-0.7785,-0.4666,-0.7891,0.1364,0.1818,0.3182,1921,presence
X10_m_2017,10,north,land,5,Oebling,OEB,OEB-2010,4546909,5417329,2314,1526.4,2010,Jakob_Huber_Leonardo_Teixeira,37,37,-0.4321,-0.7743,-0.4846,-0.7785,-0.4666,-0.7891,0.2549,0.0784,0.3333,1719,presence
X10_m_2017,10,north,land,5,Oebling,OEB,OEB-2010,4546909,5417329,2314,1526.4,2010,Jakob_Huber_Leonardo_Teixeira,37,37,-0.4321,-0.7743,-0.4846,-0.7785,-0.4666,-0.7891,0.2453,0.1132,0.3585,1721,presence
X10_m_2017,10,north,land,5,Oebling,OEB,OEB-2010,4546909,5417329,2314,1526.4,2010,Jakob_Huber_Leonardo_Teixeira,37,37,-0.4321,-0.7743,-0.4846,-0.7785,-0.4666,-0.7891,0.0931,0.0536,0.1467,1718,abundance
X10_m_2017,10,north,land,5,Oebling,OEB,OEB-2010,4546909,5417329,2314,1526.4,2010,Jakob_Huber_Leonardo_Teixeira,37,37,-0.4321,-0.7743,-0.4846,-0.7785,-0.4666,-0.7891,0.0975,0.0402,0.1377,1819,abundance
X10_m_2017,10,north,land,5,Oebling,OEB,OEB-2010,4546909,5417329,2314,1526.4,2010,Jakob_Huber_Leonardo_Teixeira,37,37,-0.4321,-0.7743,-0.4846,-0.7785,-0.4666,-0.7891,0.0981,0.2302,0.3283,1921,abundance
X10_m_2017,10,north,land,5,Oebling,OEB,OEB-2010,4546909,5417329,2314,1526.4,2010,Jakob_Huber_Leonardo_Teixeira,37,37,-0.4321,-0.7743,-0.4846,-0.7785,-0.4666,-0.7891,0.1461,0.0495,0.1956,1719,abundance
X10_m_2017,10,north,land,5,Oebling,OEB,OEB-2010,4546909,5417329,2314,1526.4,2010,Jakob_Huber_Leonardo_Teixeira,37,37,-0.4321,-0.7743,-0.4846,-0.7785,-0.4666,-0.7891,0.163,0.1989,0.3619,1721,abundance
X11_m_2017,11,north,water,6,Oebling,OEB,OEB-2010,4546311,5417431,2315,1010.1,2010,Jakob_Huber_Leonardo_Teixeira,41,41,0.7763,-0.1089,-0.4152,-0.7785,-0.4666,-0.7891,0.3231,0.1538,0.4769,1718,presence
X11_m_2017,11,north,water,6,Oebling,OEB,OEB-2010,4546311,5417431,2315,1010.1,2010,Jakob_Huber_Leonardo_Teixeira,41,41,0.7763,-0.1089,-0.4152,-0.7785,-0.4666,-0.7891,0.1613,0.2903,0.4516,1819,presence
X11_m_2017,11,north,water,6,Oebling,OEB,OEB-2010,4546311,5417431,2315,1010.1,2010,Jakob_Huber_Leonardo_Teixeira,41,41,0.7763,-0.1089,-0.4152,-0.7785,-0.4666,-0.7891,0.2388,0.194,0.4328,1921,presence
X11_m_2017,11,north,water,6,Oebling,OEB,OEB-2010,4546311,5417431,2315,1010.1,2010,Jakob_Huber_Leonardo_Teixeira,41,41,0.7763,-0.1089,-0.4152,-0.7785,-0.4666,-0.7891,0.2192,0.1781,0.3973,1719,presence
X11_m_2017,11,north,water,6,Oebling,OEB,OEB-2010,4546311,5417431,2315,1010.1,2010,Jakob_Huber_Leonardo_Teixeira,41,41,0.7763,-0.1089,-0.4152,-0.7785,-0.4666,-0.7891,0.2571,0.1714,0.4286,1721,presence
X11_m_2017,11,north,water,6,Oebling,OEB,OEB-2010,4546311,5417431,2315,1010.1,2010,Jakob_Huber_Leonardo_Teixeira,41,41,0.7763,-0.1089,-0.4152,-0.7785,-0.4666,-0.7891,0.331,0.1642,0.4952,1718,abundance
X11_m_2017,11,north,water,6,Oebling,OEB,OEB-2010,4546311,5417431,2315,1010.1,2010,Jakob_Huber_Leonardo_Teixeira,41,41,0.7763,-0.1089,-0.4152,-0.7785,-0.4666,-0.7891,0.1851,0.246,0.43120000000000003,1819,abundance
X11_m_2017,11,north,water,6,Oebling,OEB,OEB-2010,4546311,5417431,2315,1010.1,2010,Jakob_Huber_Leonardo_Teixeira,41,41,0.7763,-0.1089,-0.4152,-0.7785,-0.4666,-0.7891,0.3303,0.1909,0.5212,1921,abundance
X11_m_2017,11,north,water,6,Oebling,OEB,OEB-2010,4546311,5417431,2315,1010.1,2010,Jakob_Huber_Leonardo_Teixeira,41,41,0.7763,-0.1089,-0.4152,-0.7785,-0.4666,-0.7891,0.3397,0.2328,0.5724,1719,abundance
X11_m_2017,11,north,water,6,Oebling,OEB,OEB-2010,4546311,5417431,2315,1010.1,2010,Jakob_Huber_Leonardo_Teixeira,41,41,0.7763,-0.1089,-0.4152,-0.7785,-0.4666,-0.7891,0.3408,0.0981,0.4389,1721,abundance
X12_m_2017,12,south,land,6,Oebling,OEB,OEB-2010,4546311,5417420,2315,1016.7,2010,Jakob_Huber_Leonardo_Teixeira,45,45,0.3252,-0.8793,-0.6282,-0.7785,-0.4666,-0.7891,0.25,0.1071,0.3571,1718,presence
X12_m_2017,12,south,land,6,Oebling,OEB,OEB-2010,4546311,5417420,2315,1016.7,2010,Jakob_Huber_Leonardo_Teixeira,45,45,0.3252,-0.8793,-0.6282,-0.7785,-0.4666,-0.7891,0.1034,0.2759,0.3793,1819,presence
X12_m_2017,12,south,land,6,Oebling,OEB,OEB-2010,4546311,5417420,2315,1016.7,2010,Jakob_Huber_Leonardo_Teixeira,45,45,0.3252,-0.8793,-0.6282,-0.7785,-0.4666,-0.7891,0.25,0.0357,0.2857,1921,presence
X12_m_2017,12,south,land,6,Oebling,OEB,OEB-2010,4546311,5417420,2315,1016.7,2010,Jakob_Huber_Leonardo_Teixeira,45,45,0.3252,-0.8793,-0.6282,-0.7785,-0.4666,-0.7891,0.1515,0.1818,0.3333,1719,presence
X12_m_2017,12,south,land,6,Oebling,OEB,OEB-2010,4546311,5417420,2315,1016.7,2010,Jakob_Huber_Leonardo_Teixeira,45,45,0.3252,-0.8793,-0.6282,-0.7785,-0.4666,-0.7891,0.2963,0.1111,0.4074,1721,presence
X12_m_2017,12,south,land,6,Oebling,OEB,OEB-2010,4546311,5417420,2315,1016.7,2010,Jakob_Huber_Leonardo_Teixeira,45,45,0.3252,-0.8793,-0.6282,-0.7785,-0.4666,-0.7891,0.4303,0.2672,0.6975,1718,abundance
X12_m_2017,12,south,land,6,Oebling,OEB,OEB-2010,4546311,5417420,2315,1016.7,2010,Jakob_Huber_Leonardo_Teixeira,45,45,0.3252,-0.8793,-0.6282,-0.7785,-0.4666,-0.7891,0.1467,0.5574,0.7041,1819,abundance
X12_m_2017,12,south,land,6,Oebling,OEB,OEB-2010,4546311,5417420,2315,1016.7,2010,Jakob_Huber_Leonardo_Teixeira,45,45,0.3252,-0.8793,-0.6282,-0.7785,-0.4666,-0.7891,0.282,0.2149,0.4969,1921,abundance
X12_m_2017,12,south,land,6,Oebling,OEB,OEB-2010,4546311,5417420,2315,1016.7,2010,Jakob_Huber_Leonardo_Teixeira,45,45,0.3252,-0.8793,-0.6282,-0.7785,-0.4666,-0.7891,0.2028,0.4682,0.6709,1719,abundance
X12_m_2017,12,south,land,6,Oebling,OEB,OEB-2010,4546311,5417420,2315,1016.7,2010,Jakob_Huber_Leonardo_Teixeira,45,45,0.3252,-0.8793,-0.6282,-0.7785,-0.4666,-0.7891,0.301,0.5029,0.8039,1721,abundance
X13_m_2017,13,north,water,7,Oebling,OEB,OEB-2006,4547375,5418241,2314,624.3,2006,Jakob_Huber_Leonardo_Teixeira,49,49,0.6697,-1.9547,0.1043,0.2419,1.9644,-0.0745,NA,NA,NA,NA,NA
X14_m_2017,14,south,land,7,Oebling,OEB,OEB-2006,4547375,5418234,2314,631.3,2006,Jakob_Huber_Leonardo_Teixeira,53,53,0.6461,-1.1723,-0.1325,0.2419,1.9644,-0.0745,0.2821,0.1538,0.4359,1718,presence
X14_m_2017,14,south,land,7,Oebling,OEB,OEB-2006,4547375,5418234,2314,631.3,2006,Jakob_Huber_Leonardo_Teixeira,53,53,0.6461,-1.1723,-0.1325,0.2419,1.9644,-0.0745,0.0789,0.1842,0.2632,1819,presence
X14_m_2017,14,south,land,7,Oebling,OEB,OEB-2006,4547375,5418234,2314,631.3,2006,Jakob_Huber_Leonardo_Teixeira,53,53,0.6461,-1.1723,-0.1325,0.2419,1.9644,-0.0745,0.1163,0.1395,0.2558,1921,presence
X14_m_2017,14,south,land,7,Oebling,OEB,OEB-2006,4547375,5418234,2314,631.3,2006,Jakob_Huber_Leonardo_Teixeira,53,53,0.6461,-1.1723,-0.1325,0.2419,1.9644,-0.0745,0.186,0.1628,0.3488,1719,presence
X14_m_2017,14,south,land,7,Oebling,OEB,OEB-2006,4547375,5418234,2314,631.3,2006,Jakob_Huber_Leonardo_Teixeira,53,53,0.6461,-1.1723,-0.1325,0.2419,1.9644,-0.0745,0.1591,0.1591,0.3182,1721,presence
X14_m_2017,14,south,land,7,Oebling,OEB,OEB-2006,4547375,5418234,2314,631.3,2006,Jakob_Huber_Leonardo_Teixeira,53,53,0.6461,-1.1723,-0.1325,0.2419,1.9644,-0.0745,0.3828,0.2179,0.6006,1718,abundance
X14_m_2017,14,south,land,7,Oebling,OEB,OEB-2006,4547375,5418234,2314,631.3,2006,Jakob_Huber_Leonardo_Teixeira,53,53,0.6461,-1.1723,-0.1325,0.2419,1.9644,-0.0745,0.0064,0.4991,0.5055,1819,abundance
X14_m_2017,14,south,land,7,Oebling,OEB,OEB-2006,4547375,5418234,2314,631.3,2006,Jakob_Huber_Leonardo_Teixeira,53,53,0.6461,-1.1723,-0.1325,0.2419,1.9644,-0.0745,0.4735,0.2272,0.7007,1921,abundance
X14_m_2017,14,south,land,7,Oebling,OEB,OEB-2006,4547375,5418234,2314,631.3,2006,Jakob_Huber_Leonardo_Teixeira,53,53,0.6461,-1.1723,-0.1325,0.2419,1.9644,-0.0745,0.183,0.5397,0.7226,1719,abundance
X14_m_2017,14,south,land,7,Oebling,OEB,OEB-2006,4547375,5418234,2314,631.3,2006,Jakob_Huber_Leonardo_Teixeira,53,53,0.6461,-1.1723,-0.1325,0.2419,1.9644,-0.0745,0.3242,0.4452,0.7694,1721,abundance
X15_m_2017,15,west,water,8,Oebling,OEB,OEB-2006,4547130,5416962,2314,1886.4,2006,Jakob_Huber_Leonardo_Teixeira,57,57,0.6614,-1.6193,-1.4076,0.2419,1.9644,-0.0745,NA,NA,NA,NA,NA
X16_m_2017,16,east,land,8,Oebling,OEB,OEB-2006,4547137,5416962,2314,1886.7,2006,Jakob_Huber_Leonardo_Teixeira,61,61,0.1599,-0.2667,-0.6924,0.2419,1.9644,-0.0745,NA,NA,NA,NA,NA
X17_o_2017,17,north,water,9,Hermannsdorf-Ainbrach,HER,HER-2016,4551938,5417213,2308,253.4,2016,Jakob_Huber,65,65,0.0012,0.2295,0.4232,-0.0996,0.1757,-0.4332,NA,NA,NA,NA,NA
X18_m_2017,18,south,land,9,Hermannsdorf-Ainbrach,HER,HER-2016,4551933,5417206,2308,261.8,2016,Jakob_Huber,69,69,0.0718,0.3651,-0.2384,-0.0996,0.1757,-0.4332,NA,NA,NA,NA,NA
X19_o_2017,19,north,water,10,Hermannsdorf-Ainbrach,HER,HER-2016,4552292,5416931,2308,271.2,2016,Jakob_Huber,73,73,0.3169,-0.2137,0.1979,-0.0996,0.1757,-0.4332,NA,NA,NA,NA,NA
X20_m_2017,20,south,land,10,Hermannsdorf-Ainbrach,HER,HER-2016,4552285,5416920,2308,283.9,2016,Jakob_Huber,77,77,0.0337,0.2647,0.0858,-0.0996,0.1757,-0.4332,NA,NA,NA,NA,NA
X21_m_2017,21,south,water,11,Pfelling,PFE,PFE-2008,4555538,5415944,2305,484,2008,Jakob_Huber_Simon_Reith_Jakob_Strak,81,81,-0.5634,-0.8698,0.0763,-0.7514,-0.1115,0.3944,0.25,0.1786,0.4286,1718,presence
X21_m_2017,21,south,water,11,Pfelling,PFE,PFE-2008,4555538,5415944,2305,484,2008,Jakob_Huber_Simon_Reith_Jakob_Strak,81,81,-0.5634,-0.8698,0.0763,-0.7514,-0.1115,0.3944,0.1111,0.3889,0.5,1819,presence
X21_m_2017,21,south,water,11,Pfelling,PFE,PFE-2008,4555538,5415944,2305,484,2008,Jakob_Huber_Simon_Reith_Jakob_Strak,81,81,-0.5634,-0.8698,0.0763,-0.7514,-0.1115,0.3944,0.3421,0.1316,0.4737,1921,presence
X21_m_2017,21,south,water,11,Pfelling,PFE,PFE-2008,4555538,5415944,2305,484,2008,Jakob_Huber_Simon_Reith_Jakob_Strak,81,81,-0.5634,-0.8698,0.0763,-0.7514,-0.1115,0.3944,0.1316,0.3421,0.4737,1719,presence
X21_m_2017,21,south,water,11,Pfelling,PFE,PFE-2008,4555538,5415944,2305,484,2008,Jakob_Huber_Simon_Reith_Jakob_Strak,81,81,-0.5634,-0.8698,0.0763,-0.7514,-0.1115,0.3944,0.1333,0.1333,0.2667,1721,presence
X21_m_2017,21,south,water,11,Pfelling,PFE,PFE-2008,4555538,5415944,2305,484,2008,Jakob_Huber_Simon_Reith_Jakob_Strak,81,81,-0.5634,-0.8698,0.0763,-0.7514,-0.1115,0.3944,0.2437,0.0152,0.2589,1718,abundance
X21_m_2017,21,south,water,11,Pfelling,PFE,PFE-2008,4555538,5415944,2305,484,2008,Jakob_Huber_Simon_Reith_Jakob_Strak,81,81,-0.5634,-0.8698,0.0763,-0.7514,-0.1115,0.3944,0.2796,0.3733,0.6529,1819,abundance
X21_m_2017,21,south,water,11,Pfelling,PFE,PFE-2008,4555538,5415944,2305,484,2008,Jakob_Huber_Simon_Reith_Jakob_Strak,81,81,-0.5634,-0.8698,0.0763,-0.7514,-0.1115,0.3944,0.4481,0.2146,0.6627,1921,abundance
X21_m_2017,21,south,water,11,Pfelling,PFE,PFE-2008,4555538,5415944,2305,484,2008,Jakob_Huber_Simon_Reith_Jakob_Strak,81,81,-0.5634,-0.8698,0.0763,-0.7514,-0.1115,0.3944,0.4166,0.2789,0.6956,1719,abundance
X21_m_2017,21,south,water,11,Pfelling,PFE,PFE-2008,4555538,5415944,2305,484,2008,Jakob_Huber_Simon_Reith_Jakob_Strak,81,81,-0.5634,-0.8698,0.0763,-0.7514,-0.1115,0.3944,0.5731,0.2135,0.7865,1721,abundance
X22_m_2017,22,north,land,11,Pfelling,PFE,PFE-2008,4555531,5415946,2305,479.1,2008,Jakob_Huber_Simon_Reith_Jakob_Strak,85,85,0.4147,0.0266,-0.7318,-0.7514,-0.1115,0.3944,0.2059,0.0882,0.2941,1718,presence
X22_m_2017,22,north,land,11,Pfelling,PFE,PFE-2008,4555531,5415946,2305,479.1,2008,Jakob_Huber_Simon_Reith_Jakob_Strak,85,85,0.4147,0.0266,-0.7318,-0.7514,-0.1115,0.3944,0.0556,0.2222,0.2778,1819,presence
X22_m_2017,22,north,land,11,Pfelling,PFE,PFE-2008,4555531,5415946,2305,479.1,2008,Jakob_Huber_Simon_Reith_Jakob_Strak,85,85,0.4147,0.0266,-0.7318,-0.7514,-0.1115,0.3944,0.1892,0.0541,0.2432,1921,presence
X22_m_2017,22,north,land,11,Pfelling,PFE,PFE-2008,4555531,5415946,2305,479.1,2008,Jakob_Huber_Simon_Reith_Jakob_Strak,85,85,0.4147,0.0266,-0.7318,-0.7514,-0.1115,0.3944,0.1,0.15,0.25,1719,presence
X22_m_2017,22,north,land,11,Pfelling,PFE,PFE-2008,4555531,5415946,2305,479.1,2008,Jakob_Huber_Simon_Reith_Jakob_Strak,85,85,0.4147,0.0266,-0.7318,-0.7514,-0.1115,0.3944,0.1714,0.0857,0.2571,1721,presence
X22_m_2017,22,north,land,11,Pfelling,PFE,PFE-2008,4555531,5415946,2305,479.1,2008,Jakob_Huber_Simon_Reith_Jakob_Strak,85,85,0.4147,0.0266,-0.7318,-0.7514,-0.1115,0.3944,0.0773,0.0628,0.1401,1718,abundance
X22_m_2017,22,north,land,11,Pfelling,PFE,PFE-2008,4555531,5415946,2305,479.1,2008,Jakob_Huber_Simon_Reith_Jakob_Strak,85,85,0.4147,0.0266,-0.7318,-0.7514,-0.1115,0.3944,0.0296,0.3594,0.389,1819,abundance
X22_m_2017,22,north,land,11,Pfelling,PFE,PFE-2008,4555531,5415946,2305,479.1,2008,Jakob_Huber_Simon_Reith_Jakob_Strak,85,85,0.4147,0.0266,-0.7318,-0.7514,-0.1115,0.3944,0.5319,0.0326,0.5644,1921,abundance
X22_m_2017,22,north,land,11,Pfelling,PFE,PFE-2008,4555531,5415946,2305,479.1,2008,Jakob_Huber_Simon_Reith_Jakob_Strak,85,85,0.4147,0.0266,-0.7318,-0.7514,-0.1115,0.3944,0.0254,0.3422,0.3676,1719,abundance
X22_m_2017,22,north,land,11,Pfelling,PFE,PFE-2008,4555531,5415946,2305,479.1,2008,Jakob_Huber_Simon_Reith_Jakob_Strak,85,85,0.4147,0.0266,-0.7318,-0.7514,-0.1115,0.3944,0.2862,0.0695,0.3557,1721,abundance
X23_m_2017,23,south,water,12,Pfelling,PFE,PFE-2008,4555683,5416175,2305,730,2008,Jakob_Huber_Simon_Reith_Jakob_Strak,89,89,0.7134,0.0591,-0.5801,-0.7514,-0.1115,0.3944,0.1111,0.254,0.3651,1718,presence
X23_m_2017,23,south,water,12,Pfelling,PFE,PFE-2008,4555683,5416175,2305,730,2008,Jakob_Huber_Simon_Reith_Jakob_Strak,89,89,0.7134,0.0591,-0.5801,-0.7514,-0.1115,0.3944,0.1299,0.1948,0.3247,1819,presence
X23_m_2017,23,south,water,12,Pfelling,PFE,PFE-2008,4555683,5416175,2305,730,2008,Jakob_Huber_Simon_Reith_Jakob_Strak,89,89,0.7134,0.0591,-0.5801,-0.7514,-0.1115,0.3944,0.2817,0.1268,0.4085,1921,presence
X23_m_2017,23,south,water,12,Pfelling,PFE,PFE-2008,4555683,5416175,2305,730,2008,Jakob_Huber_Simon_Reith_Jakob_Strak,89,89,0.7134,0.0591,-0.5801,-0.7514,-0.1115,0.3944,0.0735,0.2794,0.3529,1719,presence
X23_m_2017,23,south,water,12,Pfelling,PFE,PFE-2008,4555683,5416175,2305,730,2008,Jakob_Huber_Simon_Reith_Jakob_Strak,89,89,0.7134,0.0591,-0.5801,-0.7514,-0.1115,0.3944,0.1579,0.2105,0.3684,1721,presence
X23_m_2017,23,south,water,12,Pfelling,PFE,PFE-2008,4555683,5416175,2305,730,2008,Jakob_Huber_Simon_Reith_Jakob_Strak,89,89,0.7134,0.0591,-0.5801,-0.7514,-0.1115,0.3944,0.3883,0.2297,0.618,1718,abundance
X23_m_2017,23,south,water,12,Pfelling,PFE,PFE-2008,4555683,5416175,2305,730,2008,Jakob_Huber_Simon_Reith_Jakob_Strak,89,89,0.7134,0.0591,-0.5801,-0.7514,-0.1115,0.3944,0.0562,0.3276,0.3838,1819,abundance
X23_m_2017,23,south,water,12,Pfelling,PFE,PFE-2008,4555683,5416175,2305,730,2008,Jakob_Huber_Simon_Reith_Jakob_Strak,89,89,0.7134,0.0591,-0.5801,-0.7514,-0.1115,0.3944,0.3149,0.2297,0.5446,1921,abundance
X23_m_2017,23,south,water,12,Pfelling,PFE,PFE-2008,4555683,5416175,2305,730,2008,Jakob_Huber_Simon_Reith_Jakob_Strak,89,89,0.7134,0.0591,-0.5801,-0.7514,-0.1115,0.3944,0.2702,0.3882,0.6584,1719,abundance
X23_m_2017,23,south,water,12,Pfelling,PFE,PFE-2008,4555683,5416175,2305,730,2008,Jakob_Huber_Simon_Reith_Jakob_Strak,89,89,0.7134,0.0591,-0.5801,-0.7514,-0.1115,0.3944,0.3105,0.3436,0.6541,1721,abundance
X24_m_2017,24,north,land,12,Pfelling,PFE,PFE-2008,4555677,5416180,2305,728,2008,Jakob_Huber_Simon_Reith_Jakob_Strak,93,93,0.598,0.1657,-0.9111,-0.7514,-0.1115,0.3944,0.2593,0.1481,0.4074,1718,presence
X24_m_2017,24,north,land,12,Pfelling,PFE,PFE-2008,4555677,5416180,2305,728,2008,Jakob_Huber_Simon_Reith_Jakob_Strak,93,93,0.598,0.1657,-0.9111,-0.7514,-0.1115,0.3944,0.0909,0.2182,0.3091,1819,presence
X24_m_2017,24,north,land,12,Pfelling,PFE,PFE-2008,4555677,5416180,2305,728,2008,Jakob_Huber_Simon_Reith_Jakob_Strak,93,93,0.598,0.1657,-0.9111,-0.7514,-0.1115,0.3944,0.2143,0.1071,0.3214,1921,presence
X24_m_2017,24,north,land,12,Pfelling,PFE,PFE-2008,4555677,5416180,2305,728,2008,Jakob_Huber_Simon_Reith_Jakob_Strak,93,93,0.598,0.1657,-0.9111,-0.7514,-0.1115,0.3944,0.2295,0.2459,0.4754,1719,presence
X24_m_2017,24,north,land,12,Pfelling,PFE,PFE-2008,4555677,5416180,2305,728,2008,Jakob_Huber_Simon_Reith_Jakob_Strak,93,93,0.598,0.1657,-0.9111,-0.7514,-0.1115,0.3944,0.2727,0.1818,0.4545,1721,presence
X24_m_2017,24,north,land,12,Pfelling,PFE,PFE-2008,4555677,5416180,2305,728,2008,Jakob_Huber_Simon_Reith_Jakob_Strak,93,93,0.598,0.1657,-0.9111,-0.7514,-0.1115,0.3944,0.1105,0.087,0.1976,1718,abundance
X24_m_2017,24,north,land,12,Pfelling,PFE,PFE-2008,4555677,5416180,2305,728,2008,Jakob_Huber_Simon_Reith_Jakob_Strak,93,93,0.598,0.1657,-0.9111,-0.7514,-0.1115,0.3944,0.2188,0.432,0.6508,1819,abundance
X24_m_2017,24,north,land,12,Pfelling,PFE,PFE-2008,4555677,5416180,2305,728,2008,Jakob_Huber_Simon_Reith_Jakob_Strak,93,93,0.598,0.1657,-0.9111,-0.7514,-0.1115,0.3944,0.3891,0.2801,0.6692,1921,abundance
X24_m_2017,24,north,land,12,Pfelling,PFE,PFE-2008,4555677,5416180,2305,728,2008,Jakob_Huber_Simon_Reith_Jakob_Strak,93,93,0.598,0.1657,-0.9111,-0.7514,-0.1115,0.3944,0.2374,0.4281,0.6655,1719,abundance
X24_m_2017,24,north,land,12,Pfelling,PFE,PFE-2008,4555677,5416180,2305,728,2008,Jakob_Huber_Simon_Reith_Jakob_Strak,93,93,0.598,0.1657,-0.9111,-0.7514,-0.1115,0.3944,0.3492,0.4326,0.7818,1721,abundance
X25_m_2017,25,west,water,13,Irlbach,IRL,IRL-2011,4554430,5412276,2301,1777.3,2011,Jakob_Huber_Simon_Reith,97,97,0.9635,0.1766,-0.8317,-0.2795,-0.2306,-0.9709,NA,NA,NA,NA,NA
X26_m_2017,26,east,land,13,Irlbach,IRL,IRL-2011,4554441,5412516,2301,1765.5,2011,Jakob_Huber_Simon_Reith,101,101,0.1428,-0.1435,-0.2199,-0.2795,-0.2306,-0.9709,NA,NA,NA,NA,NA
X27_m_2017,27,north,water,14,Irlbach,IRL,IRL-2011,4554294,5412036,2301,1932.1,2011,Jakob_Huber_Simon_Reith,105,105,-0.3668,-0.4012,-0.9939,-0.2795,-0.2306,-0.9709,0.2,0.2,0.4,1718,presence
X27_m_2017,27,north,water,14,Irlbach,IRL,IRL-2011,4554294,5412036,2301,1932.1,2011,Jakob_Huber_Simon_Reith,105,105,-0.3668,-0.4012,-0.9939,-0.2795,-0.2306,-0.9709,0.1746,0.2222,0.3968,1819,presence
X27_m_2017,27,north,water,14,Irlbach,IRL,IRL-2011,4554294,5412036,2301,1932.1,2011,Jakob_Huber_Simon_Reith,105,105,-0.3668,-0.4012,-0.9939,-0.2795,-0.2306,-0.9709,0.1571,0.2143,0.3714,1921,presence
X27_m_2017,27,north,water,14,Irlbach,IRL,IRL-2011,4554294,5412036,2301,1932.1,2011,Jakob_Huber_Simon_Reith,105,105,-0.3668,-0.4012,-0.9939,-0.2795,-0.2306,-0.9709,0.1111,0.1587,0.2698,1719,presence
X27_m_2017,27,north,water,14,Irlbach,IRL,IRL-2011,4554294,5412036,2301,1932.1,2011,Jakob_Huber_Simon_Reith,105,105,-0.3668,-0.4012,-0.9939,-0.2795,-0.2306,-0.9709,0.0896,0.194,0.2836,1721,presence
X27_m_2017,27,north,water,14,Irlbach,IRL,IRL-2011,4554294,5412036,2301,1932.1,2011,Jakob_Huber_Simon_Reith,105,105,-0.3668,-0.4012,-0.9939,-0.2795,-0.2306,-0.9709,0.0611,0.3472,0.4083,1718,abundance
X27_m_2017,27,north,water,14,Irlbach,IRL,IRL-2011,4554294,5412036,2301,1932.1,2011,Jakob_Huber_Simon_Reith,105,105,-0.3668,-0.4012,-0.9939,-0.2795,-0.2306,-0.9709,0.2432,0.3547,0.598,1819,abundance
X27_m_2017,27,north,water,14,Irlbach,IRL,IRL-2011,4554294,5412036,2301,1932.1,2011,Jakob_Huber_Simon_Reith,105,105,-0.3668,-0.4012,-0.9939,-0.2795,-0.2306,-0.9709,0.2683,0.1673,0.4356,1921,abundance
X27_m_2017,27,north,water,14,Irlbach,IRL,IRL-2011,4554294,5412036,2301,1932.1,2011,Jakob_Huber_Simon_Reith,105,105,-0.3668,-0.4012,-0.9939,-0.2795,-0.2306,-0.9709,0.1502,0.5354,0.6856,1719,abundance
X27_m_2017,27,north,water,14,Irlbach,IRL,IRL-2011,4554294,5412036,2301,1932.1,2011,Jakob_Huber_Simon_Reith,105,105,-0.3668,-0.4012,-0.9939,-0.2795,-0.2306,-0.9709,0.0997,0.3955,0.4952,1721,abundance
X28_m_2017,28,south,land,14,Irlbach,IRL,IRL-2011,4554292,5412027,2301,1934.9,2011,Jakob_Huber_Simon_Reith,109,109,-0.3936,-0.3484,-0.4959,-0.2795,-0.2306,-0.9709,0.2,0.0667,0.2667,1718,presence
X28_m_2017,28,south,land,14,Irlbach,IRL,IRL-2011,4554292,5412027,2301,1934.9,2011,Jakob_Huber_Simon_Reith,109,109,-0.3936,-0.3484,-0.4959,-0.2795,-0.2306,-0.9709,0.2143,0.2857,0.5,1819,presence
X28_m_2017,28,south,land,14,Irlbach,IRL,IRL-2011,4554292,5412027,2301,1934.9,2011,Jakob_Huber_Simon_Reith,109,109,-0.3936,-0.3484,-0.4959,-0.2795,-0.2306,-0.9709,0.2069,0.1724,0.3793,1921,presence
X28_m_2017,28,south,land,14,Irlbach,IRL,IRL-2011,4554292,5412027,2301,1934.9,2011,Jakob_Huber_Simon_Reith,109,109,-0.3936,-0.3484,-0.4959,-0.2795,-0.2306,-0.9709,0.25,0.1875,0.4375,1719,presence
X28_m_2017,28,south,land,14,Irlbach,IRL,IRL-2011,4554292,5412027,2301,1934.9,2011,Jakob_Huber_Simon_Reith,109,109,-0.3936,-0.3484,-0.4959,-0.2795,-0.2306,-0.9709,0.2581,0.1613,0.4194,1721,presence
X28_m_2017,28,south,land,14,Irlbach,IRL,IRL-2011,4554292,5412027,2301,1934.9,2011,Jakob_Huber_Simon_Reith,109,109,-0.3936,-0.3484,-0.4959,-0.2795,-0.2306,-0.9709,0.3308,0.443,0.7739,1718,abundance
X28_m_2017,28,south,land,14,Irlbach,IRL,IRL-2011,4554292,5412027,2301,1934.9,2011,Jakob_Huber_Simon_Reith,109,109,-0.3936,-0.3484,-0.4959,-0.2795,-0.2306,-0.9709,0.1575,0.304,0.4614,1819,abundance
X28_m_2017,28,south,land,14,Irlbach,IRL,IRL-2011,4554292,5412027,2301,1934.9,2011,Jakob_Huber_Simon_Reith,109,109,-0.3936,-0.3484,-0.4959,-0.2795,-0.2306,-0.9709,0.3747,0.166,0.5407,1921,abundance
X28_m_2017,28,south,land,14,Irlbach,IRL,IRL-2011,4554292,5412027,2301,1934.9,2011,Jakob_Huber_Simon_Reith,109,109,-0.3936,-0.3484,-0.4959,-0.2795,-0.2306,-0.9709,0.2405,0.4951,0.7356,1719,abundance
X28_m_2017,28,south,land,14,Irlbach,IRL,IRL-2011,4554292,5412027,2301,1934.9,2011,Jakob_Huber_Simon_Reith,109,109,-0.3936,-0.3484,-0.4959,-0.2795,-0.2306,-0.9709,0.3815,0.43,0.8115,1721,abundance
X29_m_2017,29,south,water,15,Mariaposching,MAR,MAR-2010,4559495,5410119,2297,127.9,2010,Jakob_Huber,113,113,0.22,-0.9936,0.3108,-0.7785,-0.4666,-0.7891,NA,NA,NA,NA,NA
X30_m_2017,30,north,land,15,Mariaposching,MAR,MAR-2010,4559494,5410132,2297,141,2010,Jakob_Huber,117,117,0.732,0.321,0.1281,-0.7785,-0.4666,-0.7891,NA,NA,NA,NA,NA
X31_m_2017,31,west,land,16,Irlbach,IRL,IRL-2010,4555638,5412620,2301,578.9,2010,Jakob_Huber_Simon_Reith_Jakob_Strak,121,121,0.1528,0.7074,0.0158,-0.7785,-0.4666,-0.7891,NA,NA,NA,NA,NA
X32_m_2017,32,east,land,16,Irlbach,IRL,IRL-2010,4555647,5412622,2301,570.1,2010,Jakob_Huber_Simon_Reith_Jakob_Strak,125,125,0.6151,-0.5297,0.0061,-0.7785,-0.4666,-0.7891,NA,NA,NA,NA,NA
X33_m_2017,33,north,land,17,Irlbach,IRL,IRL-2003,4555707,5412669,2301,514.2,2003,Jakob_Huber_Simon_Reith_Jakob_Strak,129,129,-0.4043,0.074,0.1898,-0.2763,-0.9022,1.9349,NA,NA,NA,NA,NA
X34_o_2017,34,south,land,17,Irlbach,IRL,IRL-2003,4555704,5412659,2301,516.4,2003,Jakob_Huber_Simon_Reith_Jakob_Strak,133,133,0.1177,-0.0019,0.7457,-0.2763,-0.9022,1.9349,0.1373,0.3922,0.5294,1718,presence
X34_o_2017,34,south,land,17,Irlbach,IRL,IRL-2003,4555704,5412659,2301,516.4,2003,Jakob_Huber_Simon_Reith_Jakob_Strak,133,133,0.1177,-0.0019,0.7457,-0.2763,-0.9022,1.9349,0.1493,0.194,0.3433,1819,presence
X34_o_2017,34,south,land,17,Irlbach,IRL,IRL-2003,4555704,5412659,2301,516.4,2003,Jakob_Huber_Simon_Reith_Jakob_Strak,133,133,0.1177,-0.0019,0.7457,-0.2763,-0.9022,1.9349,0.6383,0.1489,0.7872,1921,presence
X34_o_2017,34,south,land,17,Irlbach,IRL,IRL-2003,4555704,5412659,2301,516.4,2003,Jakob_Huber_Simon_Reith_Jakob_Strak,133,133,0.1177,-0.0019,0.7457,-0.2763,-0.9022,1.9349,0.1111,0.4074,0.5185,1719,presence
X34_o_2017,34,south,land,17,Irlbach,IRL,IRL-2003,4555704,5412659,2301,516.4,2003,Jakob_Huber_Simon_Reith_Jakob_Strak,133,133,0.1177,-0.0019,0.7457,-0.2763,-0.9022,1.9349,0.4839,0.2581,0.7419,1721,presence
X34_o_2017,34,south,land,17,Irlbach,IRL,IRL-2003,4555704,5412659,2301,516.4,2003,Jakob_Huber_Simon_Reith_Jakob_Strak,133,133,0.1177,-0.0019,0.7457,-0.2763,-0.9022,1.9349,0.1387,0.5164,0.6552,1718,abundance
X34_o_2017,34,south,land,17,Irlbach,IRL,IRL-2003,4555704,5412659,2301,516.4,2003,Jakob_Huber_Simon_Reith_Jakob_Strak,133,133,0.1177,-0.0019,0.7457,-0.2763,-0.9022,1.9349,0.2101,0.2373,0.4473,1819,abundance
X34_o_2017,34,south,land,17,Irlbach,IRL,IRL-2003,4555704,5412659,2301,516.4,2003,Jakob_Huber_Simon_Reith_Jakob_Strak,133,133,0.1177,-0.0019,0.7457,-0.2763,-0.9022,1.9349,0.6565,0.2337,0.8902,1921,abundance
X34_o_2017,34,south,land,17,Irlbach,IRL,IRL-2003,4555704,5412659,2301,516.4,2003,Jakob_Huber_Simon_Reith_Jakob_Strak,133,133,0.1177,-0.0019,0.7457,-0.2763,-0.9022,1.9349,0.1606,0.5614,0.722,1719,abundance
X34_o_2017,34,south,land,17,Irlbach,IRL,IRL-2003,4555704,5412659,2301,516.4,2003,Jakob_Huber_Simon_Reith_Jakob_Strak,133,133,0.1177,-0.0019,0.7457,-0.2763,-0.9022,1.9349,0.4471,0.4206,0.8677,1721,abundance
X35_m_2017,35,east,water,18,Schwarzach-Sulzbach,SCH,SCH-2016,4561890,5412604,2293,928.1,2016,Jakob_Huber_Simon_Reith_Jakob_Strak,137,137,0.472,-0.6666,1.5812,-0.0996,0.1757,-0.4332,NA,NA,NA,NA,NA
X36_m_2017,36,west,land,18,Schwarzach-Sulzbach,SCH,SCH-2016,4561878,5412599,2293,931.3,2016,Jakob_Huber_Simon_Reith_Jakob_Strak,141,141,-0.2906,-0.7003,-0.1253,-0.0996,0.1757,-0.4332,NA,NA,NA,NA,NA
X37_m_2017,37,south,land,19,Schwarzach-Sulzbach,SCH,SCH-2016,4562153,5412141,2293,399.7,2016,Jakob_Huber_Simon_Reith_Jakob_Strak,145,145,-0.4233,-1.3186,1.39,-0.0996,0.1757,-0.4332,NA,NA,NA,NA,NA
X38_m_2017,38,north,water,19,Schwarzach-Sulzbach,SCH,SCH-2016,4562148,5412151,2293,410.8,2016,Jakob_Huber_Simon_Reith_Jakob_Strak,149,149,0.2894,-0.0117,0.446,-0.0996,0.1757,-0.4332,NA,NA,NA,NA,NA
X39_m_2017,39,north,water,20,Natternberg,"NAT","NAT-2013",4567747,5411096,2287,480.6,2013,Jakob_Huber_Jakob_Strak,153,153,-1.5023,-0.6029,0.7411,-0.3107,0.8715,0.8865,0.1429,0.1587,0.3016,1718,presence
X39_m_2017,39,north,water,20,Natternberg,"NAT","NAT-2013",4567747,5411096,2287,480.6,2013,Jakob_Huber_Jakob_Strak,153,153,-1.5023,-0.6029,0.7411,-0.3107,0.8715,0.8865,0.0986,0.1972,0.2958,1819,presence
X39_m_2017,39,north,water,20,Natternberg,"NAT","NAT-2013",4567747,5411096,2287,480.6,2013,Jakob_Huber_Jakob_Strak,153,153,-1.5023,-0.6029,0.7411,-0.3107,0.8715,0.8865,0.2879,0.1061,0.3939,1921,presence
X39_m_2017,39,north,water,20,Natternberg,"NAT","NAT-2013",4567747,5411096,2287,480.6,2013,Jakob_Huber_Jakob_Strak,153,153,-1.5023,-0.6029,0.7411,-0.3107,0.8715,0.8865,0.1286,0.2429,0.3714,1719,presence
X39_m_2017,39,north,water,20,Natternberg,"NAT","NAT-2013",4567747,5411096,2287,480.6,2013,Jakob_Huber_Jakob_Strak,153,153,-1.5023,-0.6029,0.7411,-0.3107,0.8715,0.8865,0.2586,0.1897,0.4483,1721,presence
X39_m_2017,39,north,water,20,Natternberg,"NAT","NAT-2013",4567747,5411096,2287,480.6,2013,Jakob_Huber_Jakob_Strak,153,153,-1.5023,-0.6029,0.7411,-0.3107,0.8715,0.8865,0.294,0.4537,0.7477,1718,abundance
X39_m_2017,39,north,water,20,Natternberg,"NAT","NAT-2013",4567747,5411096,2287,480.6,2013,Jakob_Huber_Jakob_Strak,153,153,-1.5023,-0.6029,0.7411,-0.3107,0.8715,0.8865,0.3524,0.3379,0.6903,1819,abundance
X39_m_2017,39,north,water,20,Natternberg,"NAT","NAT-2013",4567747,5411096,2287,480.6,2013,Jakob_Huber_Jakob_Strak,153,153,-1.5023,-0.6029,0.7411,-0.3107,0.8715,0.8865,0.2198,0.1675,0.3873,1921,abundance
X39_m_2017,39,north,water,20,Natternberg,"NAT","NAT-2013",4567747,5411096,2287,480.6,2013,Jakob_Huber_Jakob_Strak,153,153,-1.5023,-0.6029,0.7411,-0.3107,0.8715,0.8865,0.285,0.4305,0.7154,1719,abundance
X39_m_2017,39,north,water,20,Natternberg,"NAT","NAT-2013",4567747,5411096,2287,480.6,2013,Jakob_Huber_Jakob_Strak,153,153,-1.5023,-0.6029,0.7411,-0.3107,0.8715,0.8865,0.3761,0.47,0.8462,1721,abundance
X40_m_2017,40,south,land,20,Natternberg,"NAT","NAT-2013",4567737,5411081,2287,498.6,2013,Jakob_Huber_Jakob_Strak,157,157,0.2437,0.7133,0.9669,-0.3107,0.8715,0.8865,0.0926,0.1667,0.2593,1718,presence
X40_m_2017,40,south,land,20,Natternberg,"NAT","NAT-2013",4567737,5411081,2287,498.6,2013,Jakob_Huber_Jakob_Strak,157,157,0.2437,0.7133,0.9669,-0.3107,0.8715,0.8865,0.1311,0.1803,0.3115,1819,presence
X40_m_2017,40,south,land,20,Natternberg,"NAT","NAT-2013",4567737,5411081,2287,498.6,2013,Jakob_Huber_Jakob_Strak,157,157,0.2437,0.7133,0.9669,-0.3107,0.8715,0.8865,0.1803,0.1311,0.3115,1921,presence
X40_m_2017,40,south,land,20,Natternberg,"NAT","NAT-2013",4567737,5411081,2287,498.6,2013,Jakob_Huber_Jakob_Strak,157,157,0.2437,0.7133,0.9669,-0.3107,0.8715,0.8865,0.1404,0.2632,0.4035,1719,presence
X40_m_2017,40,south,land,20,Natternberg,"NAT","NAT-2013",4567737,5411081,2287,498.6,2013,Jakob_Huber_Jakob_Strak,157,157,0.2437,0.7133,0.9669,-0.3107,0.8715,0.8865,0.1481,0.2222,0.3704,1721,presence
X40_m_2017,40,south,land,20,Natternberg,"NAT","NAT-2013",4567737,5411081,2287,498.6,2013,Jakob_Huber_Jakob_Strak,157,157,0.2437,0.7133,0.9669,-0.3107,0.8715,0.8865,0.1268,0.4353,0.562,1718,abundance
X40_m_2017,40,south,land,20,Natternberg,"NAT","NAT-2013",4567737,5411081,2287,498.6,2013,Jakob_Huber_Jakob_Strak,157,157,0.2437,0.7133,0.9669,-0.3107,0.8715,0.8865,0.1688,0.1876,0.3564,1819,abundance
X40_m_2017,40,south,land,20,Natternberg,"NAT","NAT-2013",4567737,5411081,2287,498.6,2013,Jakob_Huber_Jakob_Strak,157,157,0.2437,0.7133,0.9669,-0.3107,0.8715,0.8865,0.182,0.1909,0.3729,1921,abundance
X40_m_2017,40,south,land,20,Natternberg,"NAT","NAT-2013",4567737,5411081,2287,498.6,2013,Jakob_Huber_Jakob_Strak,157,157,0.2437,0.7133,0.9669,-0.3107,0.8715,0.8865,0.1336,0.459,0.5926,1719,abundance
X40_m_2017,40,south,land,20,Natternberg,"NAT","NAT-2013",4567737,5411081,2287,498.6,2013,Jakob_Huber_Jakob_Strak,157,157,0.2437,0.7133,0.9669,-0.3107,0.8715,0.8865,0.2059,0.5392,0.7451,1721,abundance
X41_m_2017,41,north,water,21,Natternberg,"NAT","NAT-2013",4568793,5410515,2286,440.8,2013,Jakob_Huber_Simon_Reith_Jakob_Strak,161,161,-0.6345,-0.284,1.2038,-0.3107,0.8715,0.8865,0.1887,0.2075,0.3962,1718,presence
X41_m_2017,41,north,water,21,Natternberg,"NAT","NAT-2013",4568793,5410515,2286,440.8,2013,Jakob_Huber_Simon_Reith_Jakob_Strak,161,161,-0.6345,-0.284,1.2038,-0.3107,0.8715,0.8865,0.0615,0.2308,0.2923,1819,presence
X41_m_2017,41,north,water,21,Natternberg,"NAT","NAT-2013",4568793,5410515,2286,440.8,2013,Jakob_Huber_Simon_Reith_Jakob_Strak,161,161,-0.6345,-0.284,1.2038,-0.3107,0.8715,0.8865,0.4138,0.1034,0.5172,1921,presence
X41_m_2017,41,north,water,21,Natternberg,"NAT","NAT-2013",4568793,5410515,2286,440.8,2013,Jakob_Huber_Simon_Reith_Jakob_Strak,161,161,-0.6345,-0.284,1.2038,-0.3107,0.8715,0.8865,0.1094,0.2969,0.4062,1719,presence
X41_m_2017,41,north,water,21,Natternberg,"NAT","NAT-2013",4568793,5410515,2286,440.8,2013,Jakob_Huber_Simon_Reith_Jakob_Strak,161,161,-0.6345,-0.284,1.2038,-0.3107,0.8715,0.8865,0.413,0.2826,0.6957,1721,presence
X41_m_2017,41,north,water,21,Natternberg,"NAT","NAT-2013",4568793,5410515,2286,440.8,2013,Jakob_Huber_Simon_Reith_Jakob_Strak,161,161,-0.6345,-0.284,1.2038,-0.3107,0.8715,0.8865,0.3905,0.1957,0.5862,1718,abundance
X41_m_2017,41,north,water,21,Natternberg,"NAT","NAT-2013",4568793,5410515,2286,440.8,2013,Jakob_Huber_Simon_Reith_Jakob_Strak,161,161,-0.6345,-0.284,1.2038,-0.3107,0.8715,0.8865,0.1502,0.353,0.5033,1819,abundance
X41_m_2017,41,north,water,21,Natternberg,"NAT","NAT-2013",4568793,5410515,2286,440.8,2013,Jakob_Huber_Simon_Reith_Jakob_Strak,161,161,-0.6345,-0.284,1.2038,-0.3107,0.8715,0.8865,0.3801,0.348,0.7281,1921,abundance
X41_m_2017,41,north,water,21,Natternberg,"NAT","NAT-2013",4568793,5410515,2286,440.8,2013,Jakob_Huber_Simon_Reith_Jakob_Strak,161,161,-0.6345,-0.284,1.2038,-0.3107,0.8715,0.8865,0.3933,0.4016,0.7949,1719,abundance
X41_m_2017,41,north,water,21,Natternberg,"NAT","NAT-2013",4568793,5410515,2286,440.8,2013,Jakob_Huber_Simon_Reith_Jakob_Strak,161,161,-0.6345,-0.284,1.2038,-0.3107,0.8715,0.8865,0.368,0.3442,0.7123,1721,abundance
X42_m_2017,42,south,land,21,Natternberg,"NAT","NAT-2013",4568788,5410497,2286,458.5,2013,Jakob_Huber_Simon_Reith_Jakob_Strak,165,165,-0.9966,-0.2818,0.6816,-0.3107,0.8715,0.8865,0.2807,0.1228,0.4035,1718,presence
X42_m_2017,42,south,land,21,Natternberg,"NAT","NAT-2013",4568788,5410497,2286,458.5,2013,Jakob_Huber_Simon_Reith_Jakob_Strak,165,165,-0.9966,-0.2818,0.6816,-0.3107,0.8715,0.8865,0.1154,0.1923,0.3077,1819,presence
X42_m_2017,42,south,land,21,Natternberg,"NAT","NAT-2013",4568788,5410497,2286,458.5,2013,Jakob_Huber_Simon_Reith_Jakob_Strak,165,165,-0.9966,-0.2818,0.6816,-0.3107,0.8715,0.8865,0.28,0.16,0.44,1921,presence
X42_m_2017,42,south,land,21,Natternberg,"NAT","NAT-2013",4568788,5410497,2286,458.5,2013,Jakob_Huber_Simon_Reith_Jakob_Strak,165,165,-0.9966,-0.2818,0.6816,-0.3107,0.8715,0.8865,0.3115,0.2295,0.541,1719,presence
X42_m_2017,42,south,land,21,Natternberg,"NAT","NAT-2013",4568788,5410497,2286,458.5,2013,Jakob_Huber_Simon_Reith_Jakob_Strak,165,165,-0.9966,-0.2818,0.6816,-0.3107,0.8715,0.8865,0.3818,0.1818,0.5636,1721,presence
X42_m_2017,42,south,land,21,Natternberg,"NAT","NAT-2013",4568788,5410497,2286,458.5,2013,Jakob_Huber_Simon_Reith_Jakob_Strak,165,165,-0.9966,-0.2818,0.6816,-0.3107,0.8715,0.8865,0.2484,0.2484,0.4967,1718,abundance
X42_m_2017,42,south,land,21,Natternberg,"NAT","NAT-2013",4568788,5410497,2286,458.5,2013,Jakob_Huber_Simon_Reith_Jakob_Strak,165,165,-0.9966,-0.2818,0.6816,-0.3107,0.8715,0.8865,0.1054,0.394,0.4994,1819,abundance
X42_m_2017,42,south,land,21,Natternberg,"NAT","NAT-2013",4568788,5410497,2286,458.5,2013,Jakob_Huber_Simon_Reith_Jakob_Strak,165,165,-0.9966,-0.2818,0.6816,-0.3107,0.8715,0.8865,0.364,0.1393,0.5033,1921,abundance
X42_m_2017,42,south,land,21,Natternberg,"NAT","NAT-2013",4568788,5410497,2286,458.5,2013,Jakob_Huber_Simon_Reith_Jakob_Strak,165,165,-0.9966,-0.2818,0.6816,-0.3107,0.8715,0.8865,0.2294,0.518,0.7474,1719,abundance
X42_m_2017,42,south,land,21,Natternberg,"NAT","NAT-2013",4568788,5410497,2286,458.5,2013,Jakob_Huber_Simon_Reith_Jakob_Strak,165,165,-0.9966,-0.2818,0.6816,-0.3107,0.8715,0.8865,0.3862,0.4545,0.8407,1721,abundance
X43_m_2017,43,south,water,22,Deggendorf_West,DEG,DEG-2007,4568255,5411573,2287,186.8,2007,Jakob_Huber_Jakob_Strak,169,169,-0.7352,-0.0684,0.3308,0.0508,-0.8398,0.8966,0.1351,0.1081,0.2432,1718,presence
X43_m_2017,43,south,water,22,Deggendorf_West,DEG,DEG-2007,4568255,5411573,2287,186.8,2007,Jakob_Huber_Jakob_Strak,169,169,-0.7352,-0.0684,0.3308,0.0508,-0.8398,0.8966,0.1538,0.2308,0.3846,1819,presence
X43_m_2017,43,south,water,22,Deggendorf_West,DEG,DEG-2007,4568255,5411573,2287,186.8,2007,Jakob_Huber_Jakob_Strak,169,169,-0.7352,-0.0684,0.3308,0.0508,-0.8398,0.8966,0.3235,0.0882,0.4118,1921,presence
X43_m_2017,43,south,water,22,Deggendorf_West,DEG,DEG-2007,4568255,5411573,2287,186.8,2007,Jakob_Huber_Jakob_Strak,169,169,-0.7352,-0.0684,0.3308,0.0508,-0.8398,0.8966,0.175,0.225,0.4,1719,presence
X43_m_2017,43,south,water,22,Deggendorf_West,DEG,DEG-2007,4568255,5411573,2287,186.8,2007,Jakob_Huber_Jakob_Strak,169,169,-0.7352,-0.0684,0.3308,0.0508,-0.8398,0.8966,0.3438,0.1562,0.5,1721,presence
X43_m_2017,43,south,water,22,Deggendorf_West,DEG,DEG-2007,4568255,5411573,2287,186.8,2007,Jakob_Huber_Jakob_Strak,169,169,-0.7352,-0.0684,0.3308,0.0508,-0.8398,0.8966,0.155,0.0842,0.2392,1718,abundance
X43_m_2017,43,south,water,22,Deggendorf_West,DEG,DEG-2007,4568255,5411573,2287,186.8,2007,Jakob_Huber_Jakob_Strak,169,169,-0.7352,-0.0684,0.3308,0.0508,-0.8398,0.8966,0.257,0.1252,0.3822,1819,abundance
X43_m_2017,43,south,water,22,Deggendorf_West,DEG,DEG-2007,4568255,5411573,2287,186.8,2007,Jakob_Huber_Jakob_Strak,169,169,-0.7352,-0.0684,0.3308,0.0508,-0.8398,0.8966,0.1714,0.2157,0.3871,1921,abundance
X43_m_2017,43,south,water,22,Deggendorf_West,DEG,DEG-2007,4568255,5411573,2287,186.8,2007,Jakob_Huber_Jakob_Strak,169,169,-0.7352,-0.0684,0.3308,0.0508,-0.8398,0.8966,0.3292,0.1284,0.4576,1719,abundance
X43_m_2017,43,south,water,22,Deggendorf_West,DEG,DEG-2007,4568255,5411573,2287,186.8,2007,Jakob_Huber_Jakob_Strak,169,169,-0.7352,-0.0684,0.3308,0.0508,-0.8398,0.8966,0.2385,0.0806,0.3191,1721,abundance
X44_m_2017,44,north,land,22,Deggendorf_West,DEG,DEG-2007,4568262,5411582,2287,198.1,2007,Jakob_Huber_Jakob_Strak,173,173,0.3936,0.8293,-0.3333,0.0508,-0.8398,0.8966,0.2549,0.1176,0.3725,1718,presence
X44_m_2017,44,north,land,22,Deggendorf_West,DEG,DEG-2007,4568262,5411582,2287,198.1,2007,Jakob_Huber_Jakob_Strak,173,173,0.3936,0.8293,-0.3333,0.0508,-0.8398,0.8966,0.2381,0.1905,0.4286,1819,presence
X44_m_2017,44,north,land,22,Deggendorf_West,DEG,DEG-2007,4568262,5411582,2287,198.1,2007,Jakob_Huber_Jakob_Strak,173,173,0.3936,0.8293,-0.3333,0.0508,-0.8398,0.8966,0.0889,0.2,0.2889,1921,presence
X44_m_2017,44,north,land,22,Deggendorf_West,DEG,DEG-2007,4568262,5411582,2287,198.1,2007,Jakob_Huber_Jakob_Strak,173,173,0.3936,0.8293,-0.3333,0.0508,-0.8398,0.8966,0.3061,0.1224,0.4286,1719,presence
X44_m_2017,44,north,land,22,Deggendorf_West,DEG,DEG-2007,4568262,5411582,2287,198.1,2007,Jakob_Huber_Jakob_Strak,173,173,0.3936,0.8293,-0.3333,0.0508,-0.8398,0.8966,0.2593,0.1852,0.4444,1721,presence
X44_m_2017,44,north,land,22,Deggendorf_West,DEG,DEG-2007,4568262,5411582,2287,198.1,2007,Jakob_Huber_Jakob_Strak,173,173,0.3936,0.8293,-0.3333,0.0508,-0.8398,0.8966,0.0394,0.4351,0.4745,1718,abundance
X44_m_2017,44,north,land,22,Deggendorf_West,DEG,DEG-2007,4568262,5411582,2287,198.1,2007,Jakob_Huber_Jakob_Strak,173,173,0.3936,0.8293,-0.3333,0.0508,-0.8398,0.8966,0.4015,0.1265,0.528,1819,abundance
X44_m_2017,44,north,land,22,Deggendorf_West,DEG,DEG-2007,4568262,5411582,2287,198.1,2007,Jakob_Huber_Jakob_Strak,173,173,0.3936,0.8293,-0.3333,0.0508,-0.8398,0.8966,0.2094,0.0766,0.2859,1921,abundance
X44_m_2017,44,north,land,22,Deggendorf_West,DEG,DEG-2007,4568262,5411582,2287,198.1,2007,Jakob_Huber_Jakob_Strak,173,173,0.3936,0.8293,-0.3333,0.0508,-0.8398,0.8966,0.094,0.2294,0.3234,1719,abundance
X44_m_2017,44,north,land,22,Deggendorf_West,DEG,DEG-2007,4568262,5411582,2287,198.1,2007,Jakob_Huber_Jakob_Strak,173,173,0.3936,0.8293,-0.3333,0.0508,-0.8398,0.8966,0.0967,0.0994,0.196,1721,abundance
X45_m_2017,45,south,water,23,Deggendorf_West,DEG,DEG-2007,4568677,5411360,2286,213.7,2007,Jakob_Huber_Jakob_Strak,177,177,-0.2762,0.1452,-0.0027,0.0508,-0.8398,0.8966,0.3333,0.1429,0.4762,1718,presence
X45_m_2017,45,south,water,23,Deggendorf_West,DEG,DEG-2007,4568677,5411360,2286,213.7,2007,Jakob_Huber_Jakob_Strak,177,177,-0.2762,0.1452,-0.0027,0.0508,-0.8398,0.8966,0.1765,0.1765,0.3529,1819,presence
X45_m_2017,45,south,water,23,Deggendorf_West,DEG,DEG-2007,4568677,5411360,2286,213.7,2007,Jakob_Huber_Jakob_Strak,177,177,-0.2762,0.1452,-0.0027,0.0508,-0.8398,0.8966,0.4286,0.2143,0.6429,1921,presence
X45_m_2017,45,south,water,23,Deggendorf_West,DEG,DEG-2007,4568677,5411360,2286,213.7,2007,Jakob_Huber_Jakob_Strak,177,177,-0.2762,0.1452,-0.0027,0.0508,-0.8398,0.8966,0.3095,0.119,0.4286,1719,presence
X45_m_2017,45,south,water,23,Deggendorf_West,DEG,DEG-2007,4568677,5411360,2286,213.7,2007,Jakob_Huber_Jakob_Strak,177,177,-0.2762,0.1452,-0.0027,0.0508,-0.8398,0.8966,0.5556,0.1667,0.7222,1721,presence
X45_m_2017,45,south,water,23,Deggendorf_West,DEG,DEG-2007,4568677,5411360,2286,213.7,2007,Jakob_Huber_Jakob_Strak,177,177,-0.2762,0.1452,-0.0027,0.0508,-0.8398,0.8966,0.2675,0.2633,0.5307,1718,abundance
X45_m_2017,45,south,water,23,Deggendorf_West,DEG,DEG-2007,4568677,5411360,2286,213.7,2007,Jakob_Huber_Jakob_Strak,177,177,-0.2762,0.1452,-0.0027,0.0508,-0.8398,0.8966,0.3272,0.3129,0.6401,1819,abundance
X45_m_2017,45,south,water,23,Deggendorf_West,DEG,DEG-2007,4568677,5411360,2286,213.7,2007,Jakob_Huber_Jakob_Strak,177,177,-0.2762,0.1452,-0.0027,0.0508,-0.8398,0.8966,0.1503,0.1089,0.2592,1921,abundance
X45_m_2017,45,south,water,23,Deggendorf_West,DEG,DEG-2007,4568677,5411360,2286,213.7,2007,Jakob_Huber_Jakob_Strak,177,177,-0.2762,0.1452,-0.0027,0.0508,-0.8398,0.8966,0.3754,0.3569,0.7323,1719,abundance
X45_m_2017,45,south,water,23,Deggendorf_West,DEG,DEG-2007,4568677,5411360,2286,213.7,2007,Jakob_Huber_Jakob_Strak,177,177,-0.2762,0.1452,-0.0027,0.0508,-0.8398,0.8966,0.3766,0.3169,0.6934,1721,abundance
X46_m_2017,46,north,land,23,Deggendorf_West,DEG,DEG-2007,4568682,5411372,2286,226.6,2007,Jakob_Huber_Jakob_Strak,181,181,0.1249,0.4906,0.7322,0.0508,-0.8398,0.8966,0.2449,0.0612,0.3061,1718,presence
X46_m_2017,46,north,land,23,Deggendorf_West,DEG,DEG-2007,4568682,5411372,2286,226.6,2007,Jakob_Huber_Jakob_Strak,181,181,0.1249,0.4906,0.7322,0.0508,-0.8398,0.8966,0.1,0.1,0.2,1819,presence
X46_m_2017,46,north,land,23,Deggendorf_West,DEG,DEG-2007,4568682,5411372,2286,226.6,2007,Jakob_Huber_Jakob_Strak,181,181,0.1249,0.4906,0.7322,0.0508,-0.8398,0.8966,0.119,0.1667,0.2857,1921,presence
X46_m_2017,46,north,land,23,Deggendorf_West,DEG,DEG-2007,4568682,5411372,2286,226.6,2007,Jakob_Huber_Jakob_Strak,181,181,0.1249,0.4906,0.7322,0.0508,-0.8398,0.8966,0.2449,0.0612,0.3061,1719,presence
X46_m_2017,46,north,land,23,Deggendorf_West,DEG,DEG-2007,4568682,5411372,2286,226.6,2007,Jakob_Huber_Jakob_Strak,181,181,0.1249,0.4906,0.7322,0.0508,-0.8398,0.8966,0.2941,0.1569,0.451,1721,presence
X46_m_2017,46,north,land,23,Deggendorf_West,DEG,DEG-2007,4568682,5411372,2286,226.6,2007,Jakob_Huber_Jakob_Strak,181,181,0.1249,0.4906,0.7322,0.0508,-0.8398,0.8966,0.2839,0.1399,0.4238,1718,abundance
X46_m_2017,46,north,land,23,Deggendorf_West,DEG,DEG-2007,4568682,5411372,2286,226.6,2007,Jakob_Huber_Jakob_Strak,181,181,0.1249,0.4906,0.7322,0.0508,-0.8398,0.8966,0.2052,0.3651,0.5704,1819,abundance
X46_m_2017,46,north,land,23,Deggendorf_West,DEG,DEG-2007,4568682,5411372,2286,226.6,2007,Jakob_Huber_Jakob_Strak,181,181,0.1249,0.4906,0.7322,0.0508,-0.8398,0.8966,0.0841,0.0312,0.1153,1921,abundance
X46_m_2017,46,north,land,23,Deggendorf_West,DEG,DEG-2007,4568682,5411372,2286,226.6,2007,Jakob_Huber_Jakob_Strak,181,181,0.1249,0.4906,0.7322,0.0508,-0.8398,0.8966,0.3518,0.368,0.7198,1719,abundance
X46_m_2017,46,north,land,23,Deggendorf_West,DEG,DEG-2007,4568682,5411372,2286,226.6,2007,Jakob_Huber_Jakob_Strak,181,181,0.1249,0.4906,0.7322,0.0508,-0.8398,0.8966,0.4214,0.3847,0.8061,1721,abundance
X47_m_2017,47,east,water,24,Fischerdorf,FIS,FIS-2016,4569502,5407024,2282,1153.1,2016,Jakob_Huber_Simon_Reith_Jakob_Strak,185,185,-0.1899,0.4271,0.8596,-0.0996,0.1757,-0.4332,NA,NA,NA,NA,NA
X48_m_2017,48,west,water,24,Fischerdorf,FIS,FIS-2016,4569491,5407028,2282,1163.7,2016,Jakob_Huber_Simon_Reith_Jakob_Strak,189,189,-1.1299,0.8626,-0.378,-0.0996,0.1757,-0.4332,NA,NA,NA,NA,NA
X49_m_2017,49,east,water,25,Fischerdorf,FIS,FIS-2016,4570425,5408483,2282,932.9,2016,Jakob_Huber_Simon_Reith_Jakob_Strak,193,193,-1.0299,0.4486,0.0647,-0.0996,0.1757,-0.4332,NA,NA,NA,NA,NA
X50_m_2017,50,west,land,25,Fischerdorf,FIS,FIS-2016,4570411,5408488,2282,945.7,2016,Jakob_Huber_Simon_Reith_Jakob_Strak,197,197,-1.9535,0.21,-2.4396,-0.0996,0.1757,-0.4332,NA,NA,NA,NA,NA
X51_m_2017,51,south,water,26,Stoegermuehlbach,STO,STO-2002,4571060,5404855,2278,1318.5,2002,Jakob_Huber_Simon_Reith_Jakob_Strak,201,201,-0.4519,0.4988,-0.0342,1.512,-0.647,-0.7922,0.2639,0.0972,0.3611,1718,presence
X51_m_2017,51,south,water,26,Stoegermuehlbach,STO,STO-2002,4571060,5404855,2278,1318.5,2002,Jakob_Huber_Simon_Reith_Jakob_Strak,201,201,-0.4519,0.4988,-0.0342,1.512,-0.647,-0.7922,0.1905,0.2381,0.4286,1819,presence
X51_m_2017,51,south,water,26,Stoegermuehlbach,STO,STO-2002,4571060,5404855,2278,1318.5,2002,Jakob_Huber_Simon_Reith_Jakob_Strak,201,201,-0.4519,0.4988,-0.0342,1.512,-0.647,-0.7922,0.2586,0.1207,0.3793,1921,presence
X51_m_2017,51,south,water,26,Stoegermuehlbach,STO,STO-2002,4571060,5404855,2278,1318.5,2002,Jakob_Huber_Simon_Reith_Jakob_Strak,201,201,-0.4519,0.4988,-0.0342,1.512,-0.647,-0.7922,0.28,0.16,0.44,1719,presence
X51_m_2017,51,south,water,26,Stoegermuehlbach,STO,STO-2002,4571060,5404855,2278,1318.5,2002,Jakob_Huber_Simon_Reith_Jakob_Strak,201,201,-0.4519,0.4988,-0.0342,1.512,-0.647,-0.7922,0.4328,0.1791,0.6119,1721,presence
X51_m_2017,51,south,water,26,Stoegermuehlbach,STO,STO-2002,4571060,5404855,2278,1318.5,2002,Jakob_Huber_Simon_Reith_Jakob_Strak,201,201,-0.4519,0.4988,-0.0342,1.512,-0.647,-0.7922,0.209,0.4729,0.6819,1718,abundance
X51_m_2017,51,south,water,26,Stoegermuehlbach,STO,STO-2002,4571060,5404855,2278,1318.5,2002,Jakob_Huber_Simon_Reith_Jakob_Strak,201,201,-0.4519,0.4988,-0.0342,1.512,-0.647,-0.7922,0.2758,0.3636,0.6394,1819,abundance
X51_m_2017,51,south,water,26,Stoegermuehlbach,STO,STO-2002,4571060,5404855,2278,1318.5,2002,Jakob_Huber_Simon_Reith_Jakob_Strak,201,201,-0.4519,0.4988,-0.0342,1.512,-0.647,-0.7922,0.3823,0.1288,0.5111,1921,abundance
X51_m_2017,51,south,water,26,Stoegermuehlbach,STO,STO-2002,4571060,5404855,2278,1318.5,2002,Jakob_Huber_Simon_Reith_Jakob_Strak,201,201,-0.4519,0.4988,-0.0342,1.512,-0.647,-0.7922,0.1715,0.5152,0.6867,1719,abundance
X51_m_2017,51,south,water,26,Stoegermuehlbach,STO,STO-2002,4571060,5404855,2278,1318.5,2002,Jakob_Huber_Simon_Reith_Jakob_Strak,201,201,-0.4519,0.4988,-0.0342,1.512,-0.647,-0.7922,0.3231,0.422,0.7452,1721,abundance
X52_m_2017,52,north,land,26,Stoegermuehlbach,STO,STO-2002,4571061,5404864,2278,1314.3,2002,Jakob_Huber_Simon_Reith_Jakob_Strak,205,205,-0.2706,0.4826,-0.9967,1.512,-0.647,-0.7922,NA,NA,NA,NA,NA
X53_m_2017,53,south,water,27,Stoegermuehlbach,STO,STO-2002,4570793,5404794,2278,1133.9,2002,Jakob_Huber,209,209,-1.1868,0.1875,-0.054,1.512,-0.647,-0.7922,NA,NA,NA,NA,NA
X54_m_2017,54,north,land,27,Stoegermuehlbach,STO,STO-2002,4570789,5404803,2278,1125.5,2002,Jakob_Huber_Simon_Reith_Jakob_Strak,213,213,-0.8008,0.3768,-1.2428,1.512,-0.647,-0.7922,NA,NA,NA,NA,NA
X55_m_2017,55,south,water,28,Hofkirchen,HOF,HOF-2012,4582311,5393648,2256,182.4,2012,Jakob_Huber_Simon_Reith_Jakob_Strak,217,217,0.1973,-1.7943,0.1376,1.1355,-0.0252,0.6262,0.2553,0.1489,0.4043,1718,presence
X55_m_2017,55,south,water,28,Hofkirchen,HOF,HOF-2012,4582311,5393648,2256,182.4,2012,Jakob_Huber_Simon_Reith_Jakob_Strak,217,217,0.1973,-1.7943,0.1376,1.1355,-0.0252,0.6262,0.0536,0.3036,0.3571,1819,presence
X55_m_2017,55,south,water,28,Hofkirchen,HOF,HOF-2012,4582311,5393648,2256,182.4,2012,Jakob_Huber_Simon_Reith_Jakob_Strak,217,217,0.1973,-1.7943,0.1376,1.1355,-0.0252,0.6262,0.2698,0.1587,0.4286,1921,presence
X55_m_2017,55,south,water,28,Hofkirchen,HOF,HOF-2012,4582311,5393648,2256,182.4,2012,Jakob_Huber_Simon_Reith_Jakob_Strak,217,217,0.1973,-1.7943,0.1376,1.1355,-0.0252,0.6262,0.1148,0.2623,0.377,1719,presence
X55_m_2017,55,south,water,28,Hofkirchen,HOF,HOF-2012,4582311,5393648,2256,182.4,2012,Jakob_Huber_Simon_Reith_Jakob_Strak,217,217,0.1973,-1.7943,0.1376,1.1355,-0.0252,0.6262,0.2037,0.2407,0.4444,1721,presence
X55_m_2017,55,south,water,28,Hofkirchen,HOF,HOF-2012,4582311,5393648,2256,182.4,2012,Jakob_Huber_Simon_Reith_Jakob_Strak,217,217,0.1973,-1.7943,0.1376,1.1355,-0.0252,0.6262,0.2126,0.4415,0.654,1718,abundance
X55_m_2017,55,south,water,28,Hofkirchen,HOF,HOF-2012,4582311,5393648,2256,182.4,2012,Jakob_Huber_Simon_Reith_Jakob_Strak,217,217,0.1973,-1.7943,0.1376,1.1355,-0.0252,0.6262,0.182,0.2784,0.4604,1819,abundance
X55_m_2017,55,south,water,28,Hofkirchen,HOF,HOF-2012,4582311,5393648,2256,182.4,2012,Jakob_Huber_Simon_Reith_Jakob_Strak,217,217,0.1973,-1.7943,0.1376,1.1355,-0.0252,0.6262,0.3175,0.1345,0.4519,1921,abundance
X55_m_2017,55,south,water,28,Hofkirchen,HOF,HOF-2012,4582311,5393648,2256,182.4,2012,Jakob_Huber_Simon_Reith_Jakob_Strak,217,217,0.1973,-1.7943,0.1376,1.1355,-0.0252,0.6262,0.1864,0.5046,0.691,1719,abundance
X55_m_2017,55,south,water,28,Hofkirchen,HOF,HOF-2012,4582311,5393648,2256,182.4,2012,Jakob_Huber_Simon_Reith_Jakob_Strak,217,217,0.1973,-1.7943,0.1376,1.1355,-0.0252,0.6262,0.2898,0.4334,0.7232,1721,abundance
X56_m_2017,56,north,land,28,Hofkirchen,HOF,HOF-2012,4582309,5393656,2256,180.6,2012,Jakob_Huber_Simon_Reith_Jakob_Strak,221,221,0.3409,-0.8362,-0.0245,1.1355,-0.0252,0.6262,0.1507,0.0548,0.2055,1718,presence
X56_m_2017,56,north,land,28,Hofkirchen,HOF,HOF-2012,4582309,5393656,2256,180.6,2012,Jakob_Huber_Simon_Reith_Jakob_Strak,221,221,0.3409,-0.8362,-0.0245,1.1355,-0.0252,0.6262,0.1061,0.1061,0.2121,1819,presence
X56_m_2017,56,north,land,28,Hofkirchen,HOF,HOF-2012,4582309,5393656,2256,180.6,2012,Jakob_Huber_Simon_Reith_Jakob_Strak,221,221,0.3409,-0.8362,-0.0245,1.1355,-0.0252,0.6262,0.0986,0.169,0.2676,1921,presence
X56_m_2017,56,north,land,28,Hofkirchen,HOF,HOF-2012,4582309,5393656,2256,180.6,2012,Jakob_Huber_Simon_Reith_Jakob_Strak,221,221,0.3409,-0.8362,-0.0245,1.1355,-0.0252,0.6262,0.1918,0.0959,0.2877,1719,presence
X56_m_2017,56,north,land,28,Hofkirchen,HOF,HOF-2012,4582309,5393656,2256,180.6,2012,Jakob_Huber_Simon_Reith_Jakob_Strak,221,221,0.3409,-0.8362,-0.0245,1.1355,-0.0252,0.6262,0.1282,0.1026,0.2308,1721,presence
X56_m_2017,56,north,land,28,Hofkirchen,HOF,HOF-2012,4582309,5393656,2256,180.6,2012,Jakob_Huber_Simon_Reith_Jakob_Strak,221,221,0.3409,-0.8362,-0.0245,1.1355,-0.0252,0.6262,0.121,0.4027,0.5237,1718,abundance
X56_m_2017,56,north,land,28,Hofkirchen,HOF,HOF-2012,4582309,5393656,2256,180.6,2012,Jakob_Huber_Simon_Reith_Jakob_Strak,221,221,0.3409,-0.8362,-0.0245,1.1355,-0.0252,0.6262,0.0862,0.3741,0.4602,1819,abundance
X56_m_2017,56,north,land,28,Hofkirchen,HOF,HOF-2012,4582309,5393656,2256,180.6,2012,Jakob_Huber_Simon_Reith_Jakob_Strak,221,221,0.3409,-0.8362,-0.0245,1.1355,-0.0252,0.6262,0.3323,0.2015,0.5338,1921,abundance
X56_m_2017,56,north,land,28,Hofkirchen,HOF,HOF-2012,4582309,5393656,2256,180.6,2012,Jakob_Huber_Simon_Reith_Jakob_Strak,221,221,0.3409,-0.8362,-0.0245,1.1355,-0.0252,0.6262,0.0933,0.6201,0.7134,1719,abundance
X56_m_2017,56,north,land,28,Hofkirchen,HOF,HOF-2012,4582309,5393656,2256,180.6,2012,Jakob_Huber_Simon_Reith_Jakob_Strak,221,221,0.3409,-0.8362,-0.0245,1.1355,-0.0252,0.6262,0.1101,0.5354,0.6456,1721,abundance
X57_o_2017,57,north,water,29,Saubach,SAU,SAU-2006,4569880,5410170,2285,209.7,2006,Jakob_Huber_Simon_Reith_Jakob_Strak,225,225,-0.1733,0.1018,0.3477,0.2419,1.9644,-0.0745,NA,NA,NA,NA,NA
X58_m_2017,58,south,land,29,Saubach,SAU,SAU-2006,4569876,5410157,2285,223.1,2006,Jakob_Huber_Simon_Reith_Jakob_Strak,229,229,-0.9149,-0.2827,0.6548,0.2419,1.9644,-0.0745,NA,NA,NA,NA,NA
X59_m_2017,59,west,water,30,Hofkirchen,HOF,HOF-2012,4582207,5394403,2257,127.1,2012,Jakob_Huber_Simon_Reith_Jakob_Strak,233,233,-0.3058,0.0826,0.7662,1.1355,-0.0252,0.6262,NA,NA,NA,NA,NA
X60_m_2017,60,east,land,30,Hofkirchen,HOF,HOF-2012,4582214,5394404,2257,134.1,2012,Jakob_Huber_Simon_Reith_Jakob_Strak,237,237,0.1689,0.1483,-0.8224,1.1355,-0.0252,0.6262,NA,NA,NA,NA,NA
X61_o_2017,61,north,water,31,Muehlheim-Ruckasing,MUE,MUE-2007,4575179,5398153,2269,70.1,2007,Jakob_Huber_Simon_Reith_Jakob_Strak,241,241,0.0853,0.6031,0.171,0.0508,-0.8398,0.8966,0.1552,0.1552,0.3103,1718,presence
X61_o_2017,61,north,water,31,Muehlheim-Ruckasing,MUE,MUE-2007,4575179,5398153,2269,70.1,2007,Jakob_Huber_Simon_Reith_Jakob_Strak,241,241,0.0853,0.6031,0.171,0.0508,-0.8398,0.8966,0.1077,0.2154,0.3231,1819,presence
X61_o_2017,61,north,water,31,Muehlheim-Ruckasing,MUE,MUE-2007,4575179,5398153,2269,70.1,2007,Jakob_Huber_Simon_Reith_Jakob_Strak,241,241,0.0853,0.6031,0.171,0.0508,-0.8398,0.8966,0.1884,0.1449,0.3333,1921,presence
X61_o_2017,61,north,water,31,Muehlheim-Ruckasing,MUE,MUE-2007,4575179,5398153,2269,70.1,2007,Jakob_Huber_Simon_Reith_Jakob_Strak,241,241,0.0853,0.6031,0.171,0.0508,-0.8398,0.8966,0.0923,0.2,0.2923,1719,presence
X61_o_2017,61,north,water,31,Muehlheim-Ruckasing,MUE,MUE-2007,4575179,5398153,2269,70.1,2007,Jakob_Huber_Simon_Reith_Jakob_Strak,241,241,0.0853,0.6031,0.171,0.0508,-0.8398,0.8966,0.1935,0.2581,0.4516,1721,presence
X61_o_2017,61,north,water,31,Muehlheim-Ruckasing,MUE,MUE-2007,4575179,5398153,2269,70.1,2007,Jakob_Huber_Simon_Reith_Jakob_Strak,241,241,0.0853,0.6031,0.171,0.0508,-0.8398,0.8966,0.0429,0.1673,0.2102,1718,abundance
X61_o_2017,61,north,water,31,Muehlheim-Ruckasing,MUE,MUE-2007,4575179,5398153,2269,70.1,2007,Jakob_Huber_Simon_Reith_Jakob_Strak,241,241,0.0853,0.6031,0.171,0.0508,-0.8398,0.8966,0.2,0.165,0.365,1819,abundance
X61_o_2017,61,north,water,31,Muehlheim-Ruckasing,MUE,MUE-2007,4575179,5398153,2269,70.1,2007,Jakob_Huber_Simon_Reith_Jakob_Strak,241,241,0.0853,0.6031,0.171,0.0508,-0.8398,0.8966,0.1817,0.2182,0.3999,1921,abundance
X61_o_2017,61,north,water,31,Muehlheim-Ruckasing,MUE,MUE-2007,4575179,5398153,2269,70.1,2007,Jakob_Huber_Simon_Reith_Jakob_Strak,241,241,0.0853,0.6031,0.171,0.0508,-0.8398,0.8966,0.175,0.2648,0.4399,1719,abundance
X61_o_2017,61,north,water,31,Muehlheim-Ruckasing,MUE,MUE-2007,4575179,5398153,2269,70.1,2007,Jakob_Huber_Simon_Reith_Jakob_Strak,241,241,0.0853,0.6031,0.171,0.0508,-0.8398,0.8966,0.0466,0.1725,0.2191,1721,abundance
X62_m_2017,62,south,land,31,Muehlheim-Ruckasing,MUE,MUE-2007,4575175,5398141,2269,81.5,2007,Jakob_Huber,245,245,0.7096,0.6655,-0.4355,0.0508,-0.8398,0.8966,0.1081,0.0811,0.1892,1718,presence
X62_m_2017,62,south,land,31,Muehlheim-Ruckasing,MUE,MUE-2007,4575175,5398141,2269,81.5,2007,Jakob_Huber,245,245,0.7096,0.6655,-0.4355,0.0508,-0.8398,0.8966,0.0769,0.1538,0.2308,1819,presence
X62_m_2017,62,south,land,31,Muehlheim-Ruckasing,MUE,MUE-2007,4575175,5398141,2269,81.5,2007,Jakob_Huber,245,245,0.7096,0.6655,-0.4355,0.0508,-0.8398,0.8966,0.3143,0.1143,0.4286,1921,presence
X62_m_2017,62,south,land,31,Muehlheim-Ruckasing,MUE,MUE-2007,4575175,5398141,2269,81.5,2007,Jakob_Huber,245,245,0.7096,0.6655,-0.4355,0.0508,-0.8398,0.8966,0.1,0.15,0.25,1719,presence
X62_m_2017,62,south,land,31,Muehlheim-Ruckasing,MUE,MUE-2007,4575175,5398141,2269,81.5,2007,Jakob_Huber,245,245,0.7096,0.6655,-0.4355,0.0508,-0.8398,0.8966,0.2424,0.0909,0.3333,1721,presence
X62_m_2017,62,south,land,31,Muehlheim-Ruckasing,MUE,MUE-2007,4575175,5398141,2269,81.5,2007,Jakob_Huber,245,245,0.7096,0.6655,-0.4355,0.0508,-0.8398,0.8966,0.063,0.1904,0.2534,1718,abundance
X62_m_2017,62,south,land,31,Muehlheim-Ruckasing,MUE,MUE-2007,4575175,5398141,2269,81.5,2007,Jakob_Huber,245,245,0.7096,0.6655,-0.4355,0.0508,-0.8398,0.8966,0.0865,0.0858,0.1723,1819,abundance
X62_m_2017,62,south,land,31,Muehlheim-Ruckasing,MUE,MUE-2007,4575175,5398141,2269,81.5,2007,Jakob_Huber,245,245,0.7096,0.6655,-0.4355,0.0508,-0.8398,0.8966,0.3688,0.1013,0.47,1921,abundance
X62_m_2017,62,south,land,31,Muehlheim-Ruckasing,MUE,MUE-2007,4575175,5398141,2269,81.5,2007,Jakob_Huber,245,245,0.7096,0.6655,-0.4355,0.0508,-0.8398,0.8966,0.0488,0.1755,0.2243,1719,abundance
X62_m_2017,62,south,land,31,Muehlheim-Ruckasing,MUE,MUE-2007,4575175,5398141,2269,81.5,2007,Jakob_Huber,245,245,0.7096,0.6655,-0.4355,0.0508,-0.8398,0.8966,0.3917,0.2461,0.6378,1721,abundance
X63_m_2017,63,south,water,32,Parkstetten-Reibersdorf,PAR,PAR-2008,4543373,5418240,2319,109.8,2008,Jakob_Huber_Jakob_Strak,249,249,0.1558,0.716,0.3969,-0.7514,-0.1115,0.3944,0.1471,0.1765,0.3235,1718,presence
X63_m_2017,63,south,water,32,Parkstetten-Reibersdorf,PAR,PAR-2008,4543373,5418240,2319,109.8,2008,Jakob_Huber_Jakob_Strak,249,249,0.1558,0.716,0.3969,-0.7514,-0.1115,0.3944,0.1096,0.1507,0.2603,1819,presence
X63_m_2017,63,south,water,32,Parkstetten-Reibersdorf,PAR,PAR-2008,4543373,5418240,2319,109.8,2008,Jakob_Huber_Jakob_Strak,249,249,0.1558,0.716,0.3969,-0.7514,-0.1115,0.3944,0.4,0.1333,0.5333,1921,presence
X63_m_2017,63,south,water,32,Parkstetten-Reibersdorf,PAR,PAR-2008,4543373,5418240,2319,109.8,2008,Jakob_Huber_Jakob_Strak,249,249,0.1558,0.716,0.3969,-0.7514,-0.1115,0.3944,0.0845,0.1549,0.2394,1719,presence
X63_m_2017,63,south,water,32,Parkstetten-Reibersdorf,PAR,PAR-2008,4543373,5418240,2319,109.8,2008,Jakob_Huber_Jakob_Strak,249,249,0.1558,0.716,0.3969,-0.7514,-0.1115,0.3944,0.3455,0.1455,0.4909,1721,presence
X63_m_2017,63,south,water,32,Parkstetten-Reibersdorf,PAR,PAR-2008,4543373,5418240,2319,109.8,2008,Jakob_Huber_Jakob_Strak,249,249,0.1558,0.716,0.3969,-0.7514,-0.1115,0.3944,0.1902,0.3931,0.5833,1718,abundance
X63_m_2017,63,south,water,32,Parkstetten-Reibersdorf,PAR,PAR-2008,4543373,5418240,2319,109.8,2008,Jakob_Huber_Jakob_Strak,249,249,0.1558,0.716,0.3969,-0.7514,-0.1115,0.3944,0.2012,0.1712,0.3724,1819,abundance
X63_m_2017,63,south,water,32,Parkstetten-Reibersdorf,PAR,PAR-2008,4543373,5418240,2319,109.8,2008,Jakob_Huber_Jakob_Strak,249,249,0.1558,0.716,0.3969,-0.7514,-0.1115,0.3944,0.2876,0.2493,0.5369,1921,abundance
X63_m_2017,63,south,water,32,Parkstetten-Reibersdorf,PAR,PAR-2008,4543373,5418240,2319,109.8,2008,Jakob_Huber_Jakob_Strak,249,249,0.1558,0.716,0.3969,-0.7514,-0.1115,0.3944,0.1896,0.3635,0.553,1719,abundance
X63_m_2017,63,south,water,32,Parkstetten-Reibersdorf,PAR,PAR-2008,4543373,5418240,2319,109.8,2008,Jakob_Huber_Jakob_Strak,249,249,0.1558,0.716,0.3969,-0.7514,-0.1115,0.3944,0.1942,0.3307,0.5249,1721,abundance
X64_m_2017,64,north,land,32,Parkstetten-Reibersdorf,PAR,PAR-2008,4543362,5418247,2319,122.8,2008,Jakob_Huber_Simon_Reith_Jakob_Strak,253,253,2.0627,0.8645,0.5057,-0.7514,-0.1115,0.3944,0.1884,0.1159,0.3043,1718,presence
X64_m_2017,64,north,land,32,Parkstetten-Reibersdorf,PAR,PAR-2008,4543362,5418247,2319,122.8,2008,Jakob_Huber_Simon_Reith_Jakob_Strak,253,253,2.0627,0.8645,0.5057,-0.7514,-0.1115,0.3944,0.0725,0.1449,0.2174,1819,presence
X64_m_2017,64,north,land,32,Parkstetten-Reibersdorf,PAR,PAR-2008,4543362,5418247,2319,122.8,2008,Jakob_Huber_Simon_Reith_Jakob_Strak,253,253,2.0627,0.8645,0.5057,-0.7514,-0.1115,0.3944,0.1467,0.16,0.3067,1921,presence
X64_m_2017,64,north,land,32,Parkstetten-Reibersdorf,PAR,PAR-2008,4543362,5418247,2319,122.8,2008,Jakob_Huber_Simon_Reith_Jakob_Strak,253,253,2.0627,0.8645,0.5057,-0.7514,-0.1115,0.3944,0.1081,0.1081,0.2162,1719,presence
X64_m_2017,64,north,land,32,Parkstetten-Reibersdorf,PAR,PAR-2008,4543362,5418247,2319,122.8,2008,Jakob_Huber_Simon_Reith_Jakob_Strak,253,253,2.0627,0.8645,0.5057,-0.7514,-0.1115,0.3944,0.16,0.1733,0.3333,1721,presence
X64_m_2017,64,north,land,32,Parkstetten-Reibersdorf,PAR,PAR-2008,4543362,5418247,2319,122.8,2008,Jakob_Huber_Simon_Reith_Jakob_Strak,253,253,2.0627,0.8645,0.5057,-0.7514,-0.1115,0.3944,0.1251,0.4475,0.5726,1718,abundance
X64_m_2017,64,north,land,32,Parkstetten-Reibersdorf,PAR,PAR-2008,4543362,5418247,2319,122.8,2008,Jakob_Huber_Simon_Reith_Jakob_Strak,253,253,2.0627,0.8645,0.5057,-0.7514,-0.1115,0.3944,0.151,0.2168,0.3678,1819,abundance
X64_m_2017,64,north,land,32,Parkstetten-Reibersdorf,PAR,PAR-2008,4543362,5418247,2319,122.8,2008,Jakob_Huber_Simon_Reith_Jakob_Strak,253,253,2.0627,0.8645,0.5057,-0.7514,-0.1115,0.3944,0.2512,0.2189,0.4701,1921,abundance
X64_m_2017,64,north,land,32,Parkstetten-Reibersdorf,PAR,PAR-2008,4543362,5418247,2319,122.8,2008,Jakob_Huber_Simon_Reith_Jakob_Strak,253,253,2.0627,0.8645,0.5057,-0.7514,-0.1115,0.3944,0.0918,0.4719,0.5637,1719,abundance
X64_m_2017,64,north,land,32,Parkstetten-Reibersdorf,PAR,PAR-2008,4543362,5418247,2319,122.8,2008,Jakob_Huber_Simon_Reith_Jakob_Strak,253,253,2.0627,0.8645,0.5057,-0.7514,-0.1115,0.3944,0.1309,0.4831,0.614,1721,abundance
X65_m_2017,65,south,land,33,Stoegermuehlbach,STO,STO-2002,4572285,5405220,2278,1726.1,2002,Jakob_Huber_Simon_Reith_Jakob_Strak,257,257,0.2229,0.1108,0.1573,1.512,-0.647,-0.7922,0.2,0.1455,0.3455,1718,presence
X65_m_2017,65,south,land,33,Stoegermuehlbach,STO,STO-2002,4572285,5405220,2278,1726.1,2002,Jakob_Huber_Simon_Reith_Jakob_Strak,257,257,0.2229,0.1108,0.1573,1.512,-0.647,-0.7922,0.0806,0.2419,0.3226,1819,presence
X65_m_2017,65,south,land,33,Stoegermuehlbach,STO,STO-2002,4572285,5405220,2278,1726.1,2002,Jakob_Huber_Simon_Reith_Jakob_Strak,257,257,0.2229,0.1108,0.1573,1.512,-0.647,-0.7922,0.3651,0.2222,0.5873,1921,presence
X65_m_2017,65,south,land,33,Stoegermuehlbach,STO,STO-2002,4572285,5405220,2278,1726.1,2002,Jakob_Huber_Simon_Reith_Jakob_Strak,257,257,0.2229,0.1108,0.1573,1.512,-0.647,-0.7922,0.1231,0.2308,0.3538,1719,presence
X65_m_2017,65,south,land,33,Stoegermuehlbach,STO,STO-2002,4572285,5405220,2278,1726.1,2002,Jakob_Huber_Simon_Reith_Jakob_Strak,257,257,0.2229,0.1108,0.1573,1.512,-0.647,-0.7922,0.3214,0.2857,0.6071,1721,presence
X65_m_2017,65,south,land,33,Stoegermuehlbach,STO,STO-2002,4572285,5405220,2278,1726.1,2002,Jakob_Huber_Simon_Reith_Jakob_Strak,257,257,0.2229,0.1108,0.1573,1.512,-0.647,-0.7922,0.1815,0.1949,0.3764,1718,abundance
X65_m_2017,65,south,land,33,Stoegermuehlbach,STO,STO-2002,4572285,5405220,2278,1726.1,2002,Jakob_Huber_Simon_Reith_Jakob_Strak,257,257,0.2229,0.1108,0.1573,1.512,-0.647,-0.7922,0.1266,0.3249,0.4514,1819,abundance
X65_m_2017,65,south,land,33,Stoegermuehlbach,STO,STO-2002,4572285,5405220,2278,1726.1,2002,Jakob_Huber_Simon_Reith_Jakob_Strak,257,257,0.2229,0.1108,0.1573,1.512,-0.647,-0.7922,0.3457,0.2233,0.569,1921,abundance
X65_m_2017,65,south,land,33,Stoegermuehlbach,STO,STO-2002,4572285,5405220,2278,1726.1,2002,Jakob_Huber_Simon_Reith_Jakob_Strak,257,257,0.2229,0.1108,0.1573,1.512,-0.647,-0.7922,0.0651,0.2763,0.3414,1719,abundance
X65_m_2017,65,south,land,33,Stoegermuehlbach,STO,STO-2002,4572285,5405220,2278,1726.1,2002,Jakob_Huber_Simon_Reith_Jakob_Strak,257,257,0.2229,0.1108,0.1573,1.512,-0.647,-0.7922,0.2186,0.3098,0.5284,1721,abundance
X66_m_2017,66,north,water,33,Stoegermuehlbach,STO,STO-2002,4572279,5405229,2278,1723.1,2002,Jakob_Huber_Simon_Reith_Jakob_Strak,261,261,0.2807,0.0484,0.5206,1.512,-0.647,-0.7922,0.2,0.32,0.52,1718,presence
X66_m_2017,66,north,water,33,Stoegermuehlbach,STO,STO-2002,4572279,5405229,2278,1723.1,2002,Jakob_Huber_Simon_Reith_Jakob_Strak,261,261,0.2807,0.0484,0.5206,1.512,-0.647,-0.7922,0.1406,0.2656,0.4062,1819,presence
X66_m_2017,66,north,water,33,Stoegermuehlbach,STO,STO-2002,4572279,5405229,2278,1723.1,2002,Jakob_Huber_Simon_Reith_Jakob_Strak,261,261,0.2807,0.0484,0.5206,1.512,-0.647,-0.7922,0.375,0.25,0.625,1921,presence
X66_m_2017,66,north,water,33,Stoegermuehlbach,STO,STO-2002,4572279,5405229,2278,1723.1,2002,Jakob_Huber_Simon_Reith_Jakob_Strak,261,261,0.2807,0.0484,0.5206,1.512,-0.647,-0.7922,0.1897,0.431,0.6207,1719,presence
X66_m_2017,66,north,water,33,Stoegermuehlbach,STO,STO-2002,4572279,5405229,2278,1723.1,2002,Jakob_Huber_Simon_Reith_Jakob_Strak,261,261,0.2807,0.0484,0.5206,1.512,-0.647,-0.7922,0.12,0.24,0.36,1721,presence
X66_m_2017,66,north,water,33,Stoegermuehlbach,STO,STO-2002,4572279,5405229,2278,1723.1,2002,Jakob_Huber_Simon_Reith_Jakob_Strak,261,261,0.2807,0.0484,0.5206,1.512,-0.647,-0.7922,0.4509,0.1001,0.551,1718,abundance
X66_m_2017,66,north,water,33,Stoegermuehlbach,STO,STO-2002,4572279,5405229,2278,1723.1,2002,Jakob_Huber_Simon_Reith_Jakob_Strak,261,261,0.2807,0.0484,0.5206,1.512,-0.647,-0.7922,0.1038,0.486,0.5898,1819,abundance
X66_m_2017,66,north,water,33,Stoegermuehlbach,STO,STO-2002,4572279,5405229,2278,1723.1,2002,Jakob_Huber_Simon_Reith_Jakob_Strak,261,261,0.2807,0.0484,0.5206,1.512,-0.647,-0.7922,0.3807,0.244,0.6248,1921,abundance
X66_m_2017,66,north,water,33,Stoegermuehlbach,STO,STO-2002,4572279,5405229,2278,1723.1,2002,Jakob_Huber_Simon_Reith_Jakob_Strak,261,261,0.2807,0.0484,0.5206,1.512,-0.647,-0.7922,0.3289,0.3653,0.6943,1719,abundance
X66_m_2017,66,north,water,33,Stoegermuehlbach,STO,STO-2002,4572279,5405229,2278,1723.1,2002,Jakob_Huber_Simon_Reith_Jakob_Strak,261,261,0.2807,0.0484,0.5206,1.512,-0.647,-0.7922,0.3108,0.21,0.5208,1721,abundance
X67_o_2017,67,south,water,34,Pfelling,PFE,PFE-2008,4555183,5415826,2305,120.4,2008,Jakob_Huber_Simon_Reith_Jakob_Strak,265,265,-0.3218,-0.0264,0.1183,-0.7514,-0.1115,0.3944,0.2192,0.0411,0.2603,1718,presence
X67_o_2017,67,south,water,34,Pfelling,PFE,PFE-2008,4555183,5415826,2305,120.4,2008,Jakob_Huber_Simon_Reith_Jakob_Strak,265,265,-0.3218,-0.0264,0.1183,-0.7514,-0.1115,0.3944,0.0725,0.2029,0.2754,1819,presence
X67_o_2017,67,south,water,34,Pfelling,PFE,PFE-2008,4555183,5415826,2305,120.4,2008,Jakob_Huber_Simon_Reith_Jakob_Strak,265,265,-0.3218,-0.0264,0.1183,-0.7514,-0.1115,0.3944,0.209,0.0448,0.2537,1921,presence
X67_o_2017,67,south,water,34,Pfelling,PFE,PFE-2008,4555183,5415826,2305,120.4,2008,Jakob_Huber_Simon_Reith_Jakob_Strak,265,265,-0.3218,-0.0264,0.1183,-0.7514,-0.1115,0.3944,0.1707,0.122,0.2927,1719,presence
X67_o_2017,67,south,water,34,Pfelling,PFE,PFE-2008,4555183,5415826,2305,120.4,2008,Jakob_Huber_Simon_Reith_Jakob_Strak,265,265,-0.3218,-0.0264,0.1183,-0.7514,-0.1115,0.3944,0.2676,0.0563,0.3239,1721,presence
X67_o_2017,67,south,water,34,Pfelling,PFE,PFE-2008,4555183,5415826,2305,120.4,2008,Jakob_Huber_Simon_Reith_Jakob_Strak,265,265,-0.3218,-0.0264,0.1183,-0.7514,-0.1115,0.3944,0.2322,0.2752,0.5074,1718,abundance
X67_o_2017,67,south,water,34,Pfelling,PFE,PFE-2008,4555183,5415826,2305,120.4,2008,Jakob_Huber_Simon_Reith_Jakob_Strak,265,265,-0.3218,-0.0264,0.1183,-0.7514,-0.1115,0.3944,0.1479,0.4453,0.5932,1819,abundance
X67_o_2017,67,south,water,34,Pfelling,PFE,PFE-2008,4555183,5415826,2305,120.4,2008,Jakob_Huber_Simon_Reith_Jakob_Strak,265,265,-0.3218,-0.0264,0.1183,-0.7514,-0.1115,0.3944,0.4723,0.1539,0.6262,1921,abundance
X67_o_2017,67,south,water,34,Pfelling,PFE,PFE-2008,4555183,5415826,2305,120.4,2008,Jakob_Huber_Simon_Reith_Jakob_Strak,265,265,-0.3218,-0.0264,0.1183,-0.7514,-0.1115,0.3944,0.1642,0.5003,0.6644,1719,abundance
X67_o_2017,67,south,water,34,Pfelling,PFE,PFE-2008,4555183,5415826,2305,120.4,2008,Jakob_Huber_Simon_Reith_Jakob_Strak,265,265,-0.3218,-0.0264,0.1183,-0.7514,-0.1115,0.3944,0.304,0.3237,0.6277,1721,abundance
X68_m_2017,68,north,land,34,Pfelling,PFE,PFE-2008,4555191,5415833,2305,131,2008,Jakob_Huber_Simon_Reith_Jakob_Strak,269,269,0.547,0.2962,-0.3311,-0.7514,-0.1115,0.3944,0.1522,0.1522,0.3043,1718,presence
X68_m_2017,68,north,land,34,Pfelling,PFE,PFE-2008,4555191,5415833,2305,131,2008,Jakob_Huber_Simon_Reith_Jakob_Strak,269,269,0.547,0.2962,-0.3311,-0.7514,-0.1115,0.3944,0.0357,0.2143,0.25,1819,presence
X68_m_2017,68,north,land,34,Pfelling,PFE,PFE-2008,4555191,5415833,2305,131,2008,Jakob_Huber_Simon_Reith_Jakob_Strak,269,269,0.547,0.2962,-0.3311,-0.7514,-0.1115,0.3944,0.3462,0.0769,0.4231,1921,presence
X68_m_2017,68,north,land,34,Pfelling,PFE,PFE-2008,4555191,5415833,2305,131,2008,Jakob_Huber_Simon_Reith_Jakob_Strak,269,269,0.547,0.2962,-0.3311,-0.7514,-0.1115,0.3944,0.125,0.3036,0.4286,1719,presence
X68_m_2017,68,north,land,34,Pfelling,PFE,PFE-2008,4555191,5415833,2305,131,2008,Jakob_Huber_Simon_Reith_Jakob_Strak,269,269,0.547,0.2962,-0.3311,-0.7514,-0.1115,0.3944,0.2619,0.1667,0.4286,1721,presence
X68_m_2017,68,north,land,34,Pfelling,PFE,PFE-2008,4555191,5415833,2305,131,2008,Jakob_Huber_Simon_Reith_Jakob_Strak,269,269,0.547,0.2962,-0.3311,-0.7514,-0.1115,0.3944,0.1004,0.1004,0.2007,1718,abundance
X68_m_2017,68,north,land,34,Pfelling,PFE,PFE-2008,4555191,5415833,2305,131,2008,Jakob_Huber_Simon_Reith_Jakob_Strak,269,269,0.547,0.2962,-0.3311,-0.7514,-0.1115,0.3944,0.0319,0.311,0.3429,1819,abundance
X68_m_2017,68,north,land,34,Pfelling,PFE,PFE-2008,4555191,5415833,2305,131,2008,Jakob_Huber_Simon_Reith_Jakob_Strak,269,269,0.547,0.2962,-0.3311,-0.7514,-0.1115,0.3944,0.6502,0.1077,0.7579,1921,abundance
X68_m_2017,68,north,land,34,Pfelling,PFE,PFE-2008,4555191,5415833,2305,131,2008,Jakob_Huber_Simon_Reith_Jakob_Strak,269,269,0.547,0.2962,-0.3311,-0.7514,-0.1115,0.3944,0.0502,0.3292,0.3794,1719,abundance
X68_m_2017,68,north,land,34,Pfelling,PFE,PFE-2008,4555191,5415833,2305,131,2008,Jakob_Huber_Simon_Reith_Jakob_Strak,269,269,0.547,0.2962,-0.3311,-0.7514,-0.1115,0.3944,0.4727,0.1623,0.6351,1721,abundance
X69_m_2017,69,north,water,35,Irlbach,IRL,IRL-2011,4554993,5412682,2301,1225.5,2011,Jakob_Huber,273,273,0.8938,0.329,-0.1934,-0.2795,-0.2306,-0.9709,NA,NA,NA,NA,NA
X70_m_2017,70,south,land,35,Irlbach,IRL,IRL-2011,4554990,5412675,2301,1228,2011,Jakob_Huber,277,277,0.5828,0.25,-0.0617,-0.2795,-0.2306,-0.9709,0.1818,0.2727,0.4545,1718,presence
X70_m_2017,70,south,land,35,Irlbach,IRL,IRL-2011,4554990,5412675,2301,1228,2011,Jakob_Huber,277,277,0.5828,0.25,-0.0617,-0.2795,-0.2306,-0.9709,0.1852,0.2963,0.4815,1819,presence
X70_m_2017,70,south,land,35,Irlbach,IRL,IRL-2011,4554990,5412675,2301,1228,2011,Jakob_Huber,277,277,0.5828,0.25,-0.0617,-0.2795,-0.2306,-0.9709,0.2222,0.1111,0.3333,1921,presence
X70_m_2017,70,south,land,35,Irlbach,IRL,IRL-2011,4554990,5412675,2301,1228,2011,Jakob_Huber,277,277,0.5828,0.25,-0.0617,-0.2795,-0.2306,-0.9709,0.12,0.32,0.44,1719,presence
X70_m_2017,70,south,land,35,Irlbach,IRL,IRL-2011,4554990,5412675,2301,1228,2011,Jakob_Huber,277,277,0.5828,0.25,-0.0617,-0.2795,-0.2306,-0.9709,0.1364,0.2273,0.3636,1721,presence
X70_m_2017,70,south,land,35,Irlbach,IRL,IRL-2011,4554990,5412675,2301,1228,2011,Jakob_Huber,277,277,0.5828,0.25,-0.0617,-0.2795,-0.2306,-0.9709,0.0177,0.0973,0.115,1718,abundance
X70_m_2017,70,south,land,35,Irlbach,IRL,IRL-2011,4554990,5412675,2301,1228,2011,Jakob_Huber,277,277,0.5828,0.25,-0.0617,-0.2795,-0.2306,-0.9709,0.2629,0.4075,0.6705,1819,abundance
X70_m_2017,70,south,land,35,Irlbach,IRL,IRL-2011,4554990,5412675,2301,1228,2011,Jakob_Huber,277,277,0.5828,0.25,-0.0617,-0.2795,-0.2306,-0.9709,0.4201,0.0654,0.4855,1921,abundance
X70_m_2017,70,south,land,35,Irlbach,IRL,IRL-2011,4554990,5412675,2301,1228,2011,Jakob_Huber,277,277,0.5828,0.25,-0.0617,-0.2795,-0.2306,-0.9709,0.2788,0.5005,0.7792,1719,abundance
X70_m_2017,70,south,land,35,Irlbach,IRL,IRL-2011,4554990,5412675,2301,1228,2011,Jakob_Huber,277,277,0.5828,0.25,-0.0617,-0.2795,-0.2306,-0.9709,0.4099,0.2655,0.6754,1721,abundance
